Actvitiy,Description
Bicycling,"Bicycling, mountain, competitive racing"
Bicycling,"Bicycling, BMX"
Bicycling,"Bicycling, mountain, general"
Bicycling,"Bicycling, <10 mph, leisure, to work or for pleasure (Taylor Code 115)"
Bicycling,"Bicycling, to/from work, self selected pace"
Bicycling,"Bicycling, on dirt or farm road, moderate pace"
Bicycling,"Bicycling, general"
Bicycling,"Bicycling, self-selected easy pace"
Bicycling,"Bicycling, self-selected moderate pace"
Bicycling,"Bicycling, self-selected vigorous pace"
Bicycling,"Bicycling, leisure 5.5 mph"
Bicycling,"Bicycling, leisure, 9.4 mph"
Bicycling,"Bicycling, 10-11.9 mph, leisure, slow, light effort"
Bicycling,"Bicycling, 12-13.9 mph, leisure, moderate effort"
Bicycling,"Bicycling, 14-15.9 mph, racing or leisure, fast, vigorous effort"
Bicycling,"Bicycling, 16-19 mph, racing/not drafting or >19 mph drafting, very fast, racing general"
Bicycling,"Bicycling, >20 mph, racing, not drafting"
Bicycling,"Bicycling, 12 mph, seated, hands on brake hoods or bar drops, 80 rpm"
Bicycling,"Bicycling, 12 mph, standing, hands on brake hoods, 60 rpm"
Bicycling,Unicycling
Bicycling,E-bike (electrically assisted) without electronic support
Bicycling,E-bike (electrically assisted) with light electronic support
Bicycling,E-bike (electrically assisted) with high electronic support
Bicycling,"Bicycling, stationary, general"
Bicycling,"Bicycling, stationary, 25-30 watts, very light to light effort"
Bicycling,"Bicycling, stationary, 50 watts, light effort"
Bicycling,"Bicycling, stationary, 60 watts, light to moderate effort"
Bicycling,"Bicycling, stationary, 70-80 watts"
Bicycling,"Bicycling, stationary, 90-100 watts,  moderate to vigorous"
Bicycling,"Bicycling, stationary, 101-125 watts"
Bicycling,"Bicycling, stationary, 126-150 watts"
Bicycling,"Bicycling, stationary, 151-199 watts"
Bicycling,"Bicycling, stationary, 200-229 watts, vigorous"
Bicycling,"Bicycling, stationary, 230-250 watts, very vigorous"
Bicycling,"Bicycling, stationary, 270-305 watts, very vigorous"
Bicycling,"Bicycling, stationary, >325 watts, very vigorous"
Bicycling,"Bicycling, concentric only, 100 W"
Bicycling,"Bicycling, concentric only, 200 W"
Bicycling,"Bicycling, eccentric only, 100 to 149 W"
Bicycling,"Bicycling, eccentric only, 200 W2024 Adult Compendium of Physical Activities"
Bicycling,"Bicycling, stationary, RPM/Spin bike class"
Bicycling,"Bicycling, interactive virtual cycling, indoor cycle ergometer"
Bicycling,"Bicycling, high intensity interval training"
Conditioning Exercise,"Aerobic, general"
Conditioning Exercise,"Aerobic, step, with 4-inch step"
Conditioning Exercise,"Aerobic, step, with 6 – 8 inch step"
Conditioning Exercise,"Aerobic, step, with 10 – 12 inch step"
Conditioning Exercise,"Bench step class, general"
Conditioning Exercise,"Aerobic dance, low impact, moderate effort"
Conditioning Exercise,"Aerobic dance, high impact, vigorous effort"
Conditioning Exercise,Aerobic dance wearing 10-15 lb weights
Conditioning Exercise,"Army type obstacle course exercise, boot camp training program"
Conditioning Exercise,"Calisthenics (e.g., pushups, sit ups, pull-ups, jumping jacks, burpees, battling ropes), vigorous effort"
Conditioning Exercise,"Calisthenics (e.g., pushups, sit ups, pull-ups, lunges), moderate effort"
Conditioning Exercise,"Calisthenics (e.g., curl ups, abdominal crunches, plank),  light effort"
Conditioning Exercise,"Calisthenics, light or moderate effort, general (e.g., back exercises), going up & down from floor (Taylor Code 150)"
Conditioning Exercise,"Circuit training, body weight exercises"
Conditioning Exercise,"Circuit training, light effort"
Conditioning Exercise,"Circuit training, moderate effort"
Conditioning Exercise,"Circuit training, including kettlebells, some aerobic movement with minimal rest, general, vigorous intensity"
Conditioning Exercise,Curves™ exercise routines in women
Conditioning Exercise,"Elliptical trainer, moderate effort"
Conditioning Exercise,"Elliptical trainer, vigorous effort"
Conditioning Exercise,"Resistance (weight lifting - free weight, nautilus or universal-type), power lifting or body building, vigorous effort (Taylor Code"
Conditioning Exercise,"Resistance (weight lifting - free weight, nautilus or universal-type), power lifting or body building, vigorous effort (Taylor Code  210)"
Conditioning Exercise,"Resistance (weight) training, squats, deadlift, slow or explosive effort"
Conditioning Exercise,"Resistance (weight) training, multiple exercises, 8-15 reps at varied resistance"
Conditioning Exercise,"Resistance Training, circuit, reciprocol supersets, peripheral hear action training"
Conditioning Exercise,"Body weight resistance exercises (e.g., squat, lunge, push-up, crunch), general"
Conditioning Exercise,"Body weight resistance exercises (e.g., squat, lunge, push-up, crunch), high intensity"
Conditioning Exercise,Kettle bell swings
Conditioning Exercise,"Health club exercise, general (Taylor Code 160)"
Conditioning Exercise,"Health club exercise classes general, gym/weight training combined in one visit"
Conditioning Exercise,"Health club exercise, conditioning classes"
Conditioning Exercise,"Home exercise, general"
Conditioning Exercise,"Stair treadmill ergometer, general"
Conditioning Exercise,"Rope skipping exercise, general"
Conditioning Exercise,"Jumping rope, Digi-Jump Maching, 120 jumps/minute"
Conditioning Exercise,"Rowing, stationary ergometer, general, vigorous effort"
Conditioning Exercise,"Rowing, stationary ergometer, general, <100 watts,  moderate effort"
Conditioning Exercise,"Rowing, stationary, 100 to 149 watts, vigorous effort"
Conditioning Exercise,"Rowing, stationary, 150 to 199 watts, vigorous effort"
Conditioning Exercise,"Rowing, stationary, ≥ 200 watts, very vigorous effort"
Conditioning Exercise,"Shuttle running, forward/backward/lateral"
Conditioning Exercise,"Ski machine, general"
Conditioning Exercise,"Ski ergometer, cross country, double poling, slow to moderate speed"
Conditioning Exercise,"Ski ergometer, cross country, double poling, fast to maximum speed"
Conditioning Exercise,"Slide board exercise, general"
Conditioning Exercise,"Slimnastics, jazzercise"
Conditioning Exercise,"Stretching, mild"
Conditioning Exercise,"Pilates, traditional, mat"
Conditioning Exercise,"Pilates, general"
Conditioning Exercise,"Pound, combination of Pilates and body movements with drumming"
Conditioning Exercise,"Pole dancing, exercise class"
Conditioning Exercise,"Teaching exercise classes (e.g., aerobic, water)"
Conditioning Exercise,"Therapeutic exercise ball, Fitball exercise"
Conditioning Exercise,"Therapeutic exercise ball, Fitball exercise, high intensity"
Conditioning Exercise,"Upper body exercise, arm ergometer, general, light"
Conditioning Exercise,"Arm Ergometer, hand bike, 15W"
Conditioning Exercise,"Arm Ergometer, hand bike, 25-30W"
Conditioning Exercise,"Arm Ergometer, hand bike, 45W"
Conditioning Exercise,"Upper body exercise, stationary bicycle - Airdyne (arms only) 40 rpm, moderate intensity"
Conditioning Exercise,"Water aerobics, water calisthenics, water exercise"
Conditioning Exercise,"Whirlpool, sitting"
Conditioning Exercise,"Video, exercise workouts, TV conditioning programs (e.g., yoga, stretching, seated), light effort"
Conditioning Exercise,"Video, exercise workouts, TV conditioning programs (e.g., cardio-resistance training), moderate"
Conditioning Exercise,"Video, exercise workouts, TV conditioning programs (e.g., cardio-resistance training), vigorous"
Conditioning Exercise,"Yoga, Hatha"
Conditioning Exercise,"Yoga, Hatha, high intensity"
Conditioning Exercise,"Yoga, Hot"
Conditioning Exercise,"Yoga, Power"
Conditioning Exercise,"Yoga, Nadisodhana"
Conditioning Exercise,"Yoga, General"
Conditioning Exercise,"Yoga, Surya Namaskar"
Conditioning Exercise,"Yoga, Vinyasa"
Conditioning Exercise,"Native New Zealander PA, (e.g., Haka Powhiri, Poi, Moteatea, etc.), general moderate effort"
Conditioning Exercise,"Native New Zealander PA, general, vigorous effort"
Conditioning Exercise,"High intensity interval exercise,  moderate effort"
Conditioning Exercise,"High intensity interval exercise,  burpees, mountain climbers, squat jumps, Tabata, vigorous effort"
Conditioning Exercise,"Balance Exercise Assist Robot (BEAR), simulated skiing, tennis, rodeo"
Conditioning Exercise,Hooping (formerly known as hula® hooping)
Conditioning Exercise,"Impulse Training System, Inertial Exercise Trainer"
Conditioning Exercise,"Virtual Reality Fitness,  Supernatural™ “Flow”, “Boxing"" vigorous intensity"
Conditioning Exercise,"ExerCube, workout series"
Conditioning Exercise,"Blackbox Immersive virtual reality exergaming system, vigorous intensity"
Conditioning Exercise,"Wand exercise, Life-Build-Line"
Conditioning Exercise,"Zumba, group class"
Conditioning Exercise,"Zumba, home video"
Conditioning Exercise,"Sit to stand exercise, 6-12 times/min"
Conditioning Exercise,"Sit to stand exercise, 18-24 times/min"
Dancing,"Afro-Cuban salsa (Cuban cha-cha-cha, mambo, Afro rumba, contratiempo son steps, orisha/santo movements)"
Dancing,"Ballet, modern, or jazz general, rehearsal or class"
Dancing,"Ballet exercises (plie, tendus, jetes, rond de Jambes, fondus, grand battement, grand adage, sautes, temp Leve's)"
Dancing,"Ballet, modern, or jazz, performance, vigorous effort"
Dancing,Tap
Dancing,"Ethnic or cultural dancing (e.g. Greek, Middle Eastern, hula, salsa, merengue, bamba y plena,  flamenco, belly, and swing)"
Dancing,"Chinese square dance, Ballet & Tibetan dance"
Dancing,"Chinese square dance, aerobic dance"
Dancing,"Ballroom dancing, fast (Taylor Code 125)"
Dancing,"Nightclub or folk dancing, vigorous effort (e.g., nightclub, disco, folk, line dancing, Irish step dancing, polka, contra)"
Dancing,"Folk dancing, moderate effort"
Dancing,"Ballroom dancing, competitive, general"
Dancing,"ballroom dance, DanceSport competition (modern waltz, tango, Viennese waltz, slow fox, quick step, samba, chacha, rumba,"
Dancing,"ballroom dance, DanceSport competition (modern waltz, tango, Viennese waltz, slow fox, quick step, samba, chacha, rumba,  paso doble, jive)"
Dancing,"Ballroom, slow, examples: waltz, foxtrot, slow dancing, samba tango, rumba, 19th century dance, mambo, cha cha"
Dancing,"Ballroom Dance, Recreational (Waltz, Foxtrot, Cha-cha, Swing)"
Dancing,"Anishinaabe Jingle dancing, brisk pace, other traditional American Indian dancing performed by women, moderate effort"
Dancing,"Caribbean dance (Abakua, Beguine, Bellair, Bongo, Brukin’s, Caribbean Quadrills, Dinki  Mini, Gere, Gumbay, Ibo, Jonkonnu,"
Dancing,"Caribbean dance (Abakua, Beguine, Bellair, Bongo, Brukin’s, Caribbean Quadrills, Dinki  Mini, Gere, Gumbay, Ibo, Jonkonnu,  Kumina,  Oreisha, Jambu)"
Dancing,"Contemporary dancing, general"
Dancing,"Contemporary dancing, nightclub"
Dancing,Flamenco dance
Dancing,"Jazz dancing, general"
Dancing,"Musical Theater, Singing/dancing"
Dancing,"Polynesian dance, Hawaiian hula slow, Maori haka, Tongan"
Dancing,"Polynesian dance, Hawaiian hula fast, Samoan sasa, Fijian style fast, Filipino Tinikling"
Dancing,"Polynesian dance, Samoan slap, Tahitian"
Dancing,"Salsa Dancing, with partner"
Dancing,"Salsa dancing, to a video"
Dancing,"Square Dancing, American Western, country"
Fishing & Hunting,"Fishing, general"
Fishing & Hunting,"Fishing, crab fishing"
Fishing & Hunting,"Fishing, catching fish with hands"
Fishing & Hunting,"Fishing related, digging worms, with shovel"
Fishing & Hunting,Fishing from river bank and walking
Fishing & Hunting,"Fishing from boat or canoe, sitting"
Fishing & Hunting,"Fishing from river bank, standing (Taylor Code 660)"
Fishing & Hunting,"Fishing in stream, in waders (Taylor Code 670)"
Fishing & Hunting,"Fishing, ice, sitting"
Fishing & Hunting,"Fishing, jig or line, standing, general"
Fishing & Hunting,"Fishing, dip net, setting net and retrieving fish, general"
Fishing & Hunting,"Fishing, set net, setting net and retrieving fish, general"
Fishing & Hunting,"Fishing, fishing wheel, setting net and retrieving fish, general"
Fishing & Hunting,"Fishing with a spear, standing"
Fishing & Hunting,"Hunting, bow and arrow or crossbow"
Fishing & Hunting,"Hunting, deer, elk, large game (Taylor Code 170)"
Fishing & Hunting,"Hunting large game, dragging carcass"
Fishing & Hunting,Hunting large marine animals
Fishing & Hunting,"Hunting, large game from a hunting stand, limited walking"
Fishing & Hunting,"Hunting large game from a car, plane, or boat"
Fishing & Hunting,"Hunting, duck, wading"
Fishing & Hunting,"Hunting flying fox, squirrel"
Fishing & Hunting,"Hunting, general"
Fishing & Hunting,"Hunting, pheasants or grouse (Taylor Code 680)"
Fishing & Hunting,Hunting birds
Fishing & Hunting,"Hunting, rabbit, squirrel, prairie chick, raccoon, small game (Taylor Code 690)"
Fishing & Hunting,"Hunting pigs, wild"
Fishing & Hunting,"Trapping game, general"
Fishing & Hunting,Hunting - hiking with hunting gear
Fishing & Hunting,"Pistol shooting or trap shooting, standing"
Fishing & Hunting,"Rifle exercises, shooting, lying down"
Fishing & Hunting,"Rifle exercises, shooting, kneeling or standing"
Fishing & Hunting,"Foraging, 0-9.9kg backpack"
Fishing & Hunting,"Foraging, 10-15kg backpack"
Fishing & Hunting,"Sitting in boat, passenger"
Fishing & Hunting,Standing in boat
Fishing & Hunting,"Activities in a boat, lifting, lowering"
Home Activities,"Cleaning, sweeping carpet or floors, general"
Home Activities,"Cleaning, sweeping, slow, light effort"
Home Activities,"Cleaning, sweeping, fast, moderate effort"
Home Activities,"Cleaning  heavy or major (e.g., wash car, clean garage), moderate effort"
Home Activities,"Cleaning, mopping, standing, moderate effort"
Home Activities,"Cleaning windows, washing windows, general"
Home Activities,"Mopping, standing, light effort"
Home Activities,"Polishing floors, standing, walking slowly, using electric polishing machine"
Home Activities,"Multiple household tasks all at once, light effort"
Home Activities,"Multiple household tasks all at once, moderate effort"
Home Activities,"Multiple household tasks all at once, vigorous effort"
Home Activities,"Cleaning, house or cabin, general, moderate effort"
Home Activities,"Dusting or polishing furniture, general"
Home Activities,"Kitchen activity, general, (e.g., cooking, washing dishes, cleaning up) moderate effort"
Home Activities,"Cleaning, general (straightening up, changing linen, carrying out trash), light effort"
Home Activities,"Wash dishes, standing or in general (not broken into stand/walk components)"
Home Activities,"Wash dishes, clearing dishes from table, walking, light effort"
Home Activities,"Vacuuming, general, moderate effort"
Home Activities,"Butchering animals, small"
Home Activities,"Butchering animals, large, vigorous effort"
Home Activities,"Cutting and smoking fish, drying fish or meat"
Home Activities,"Tanning hides, general"
Home Activities,"Cooking or food preparation, moderate effort"
Home Activities,"Cooking or food preparation - standing or sitting or in general (not broken into stand/walk components), manual appliances,"
Home Activities,"Cooking or food preparation - standing or sitting or in general (not broken into stand/walk components), manual appliances,  light effort"
Home Activities,"Cooking or food preparation, walking"
Home Activities,"Serving food, setting/cleaning table, implied walking or standing"
Home Activities,Feeding household animals
Home Activities,"carrying groceries, on level ground, walking"
Home Activities,"Putting away groceries (e.g. carrying groceries, carrying packages)"
Home Activities,Carrying groceries upstairs
Home Activities,Cooking Indian bread or other food on an outside stove
Home Activities,Food shopping with or without a grocery cart; carrying a 10 lb bag; standing or walking
Home Activities,"Non-food shopping, with or without cart, standing or walking"
Home Activities,Ironing
Home Activities,"Knitting, sewing, light effort, wrapping presents, sitting"
Home Activities,Sewing with a machine
Home Activities,"Laundry, fold or hang clothes, put clothes in washer or dryer, packing suitcase, washing clothes by hand,  implied standing,"
Home Activities,"Laundry, fold or hang clothes, put clothes in washer or dryer, packing suitcase, washing clothes by hand,  implied standing,  light effort"
Home Activities,"Laundry, fold or hang clothes, sitting"
Home Activities,"Laundry,  moderate effort"
Home Activities,"Laundry,  putting away clothes, gathering clothes to pack, putting away laundry, implied walking"
Home Activities,"Making bed, changing linens"
Home Activities,"Maple syruping/sugar bushing (including carrying buckets, carrying wood)"
Home Activities,"Moving furniture, household items, carrying boxes"
Home Activities,"Moving, lifting light loads"
Home Activities,Organizing a room
Home Activities,"Scrubbing floors, on hands and knees, scrubbing bathroom, bathtub, moderate effort"
Home Activities,"Scrubbing floors, on hands and knees, scrubbing bathroom, bathtub, light effort"
Home Activities,"Scrubbing floors, on hands and knees, scrubbing bathroom, bathtub, vigorous effort"
Home Activities,"Sweeping garage, sidewalk, or outside house"
Home Activities,"Standing, packing/unpacking boxes, occasional lifting lightweight household items, loading or unloading items into a car,"
Home Activities,"Standing, packing/unpacking boxes, occasional lifting lightweight household items, loading or unloading items into a car,  moderate effort"
Home Activities,"Implied walking, putting away household items, moderate effort"
Home Activities,Watering  plants
Home Activities,Building a fire inside
Home Activities,"Moving household items upstairs, carrying boxes or furniture"
Home Activities,"Standing, light effort tasks (pump gas, change light bulb, etc.)"
Home Activities,"Walking, moderate effort tasks, non-cleaning (readying to leave, shut/lock doors, close windows, etc."
Home Activities,"Sitting, playing with child(ren), light effort, only active periods"
Home Activities,"Standing, playing with child(ren), light effort, only active periods"
Home Activities,"Walking/running, playing with child(ren), moderate effort, only active periods"
Home Activities,"Walking/running, playing with child(ren), vigorous effort, only active periods"
Home Activities,"Walking and carrying small child, child weighing 15 lbs or more"
Home Activities,"Walking and carrying small child, child weighing less than 15 lbs"
Home Activities,"Standing, holding child"
Home Activities,"Child care, infant, general"
Home Activities,"Child care: sitting or kneeling, dressing, bathing, grooming, feeding, occasional lifting of child-light effort, general"
Home Activities,"Child care: standing, dressing, bathing, grooming, feeding, occasional lifting of child- light effort"
Home Activities,Reclining with baby
Home Activities,"Breastfeeding, sitting or reclining"
Home Activities,"Sit, playing with animals, light, only active period"
Home Activities,"Stand, playing with animals, light effort, only active periods"
Home Activities,"Walk or run, playing with animals, general, light effort, only active periods"
Home Activities,"Walk/run, playing with animals, moderate effort, only active periods"
Home Activities,"Walk/run, playing with animals, vigorous effort, only active periods"
Home Activities,"Standing, bathing dog"
Home Activities,"Animal care, household animals, general"
Home Activities,"Elder care, disabled adult, bathing, dressing, moving into and out of bed, only active periods"
Home Activities,"Elder care, disabled adult, feeding, combing hair, light effort, only active periods"
Home Activities,Handwashing
Home Repair,Airplane repair
Home Repair,Automobile body work
Home Repair,"Automobile repair, light or moderate effort"
Home Repair,"Carpentry, general, workshop (Taylor Code 620)"
Home Repair,"Carpentry, outside house, (Taylor Code 640)"
Home Repair,"Carpentry, outside house, building a fence"
Home Repair,"Carpentry, finishing, varnishing, or refinishing cabinets or furniture"
Home Repair,"Carpentry, sawing hardwood, planing and drilling wood, moderate-to-vigorous effort"
Home Repair,"Carpentry, home remodeling tasks, moderate effort"
Home Repair,"Carpentry, home remodeling tasks, light effort"
Home Repair,"Caulking, chinking log cabin"
Home Repair,"Caulking, except log cabin"
Home Repair,Cleaning gutters
Home Repair,Excavating garage
Home Repair,Hanging storm windows
Home Repair,Hanging sheet rock inside house
Home Repair,Hammering nails
Home Repair,"Home repair, general, light effort"
Home Repair,"Home repair, general, moderate effort"
Home Repair,"Home repair, general, vigorous effort"
Home Repair,Laying or removing carpet
Home Repair,Laying tile or linoleum
Home Repair,Repairing appliances
Home Repair,"Painting, outside home (Taylor Code 650)"
Home Repair,"Painting inside house, wallpapering, scraping paint"
Home Repair,Painting (Taylor Code 630)
Home Repair,"Plumbing, general"
Home Repair,Put on and removal of tarp – sailboat
Home Repair,Roofing
Home Repair,Sanding floors with a power sander
Home Repair,Scraping and painting sailboat or powerboat
Home Repair,Sharpening tools
Home Repair,Spreading dirt with a shovel
Home Repair,Washing and waxing hull of sailboat or airplane
Home Repair,Washing and waxing car
Home Repair,"Washing fence, painting fence, moderate effort"
Home Repair,"Wiring, tapping-splicing"
Inactivity,Lying quietly and watching television
Inactivity,"Lying quietly, doing nothing, lying in bed awake, listening to music (not talking or reading)"
Inactivity,"Sit, watch television"
Inactivity,"Sitting quietly, general"
Inactivity,"Sitting quietly, fidgeting, general, fidgeting hands"
Inactivity,"Sitting, fidget feet"
Inactivity,Sitting smoking
Inactivity,"Sitting, listening to music (not talking or reading) or watching a movie in a theater"
Inactivity,"Sitting at a desk, resting head in hands"
Inactivity,Sleeping
Inactivity,Standing quietly (standing in a line)
Inactivity,Standing (fidgeting)
Inactivity,Standing watching television
Inactivity,"Reclining, writing"
Inactivity,"Reclining, talking or talking on phone"
Inactivity,"Reclining, reading"
Inactivity,Meditating
Lawn & Garden,"Carrying, loading or stacking wood, loading/unloading or carrying lumber, light-to- moderate effort"
Lawn & Garden,"Carrying, loading or stacking wood, loading/unloading or carrying lumber, moderate effort"
Lawn & Garden,"Chopping wood, splitting logs, moderate effort"
Lawn & Garden,"Chopping wood, splitting logs, vigorous effort"
Lawn & Garden,"Clearing light brush, thinning garden, moderate effort"
Lawn & Garden,"Clearing land, haul brush, undergrowth, or ground, vigorous effort"
Lawn & Garden,"Digging sandbox, shoveling sand"
Lawn & Garden,"Digging, spading, filling garden, composting, light-to-moderate effort"
Lawn & Garden,"Digging, spading, filling garden, composting (Taylor Code 590)"
Lawn & Garden,"Digging, spading, filling garden, composting, vigorous effort"
Lawn & Garden,Driving tractor
Lawn & Garden,"Felling trees, large size"
Lawn & Garden,"Felling trees, small-medium size"
Lawn & Garden,"Gardening with heavy power tools, using chain saw, tilling a garden"
Lawn & Garden,"gardening, general"
Lawn & Garden,"Irrigation channels, opening and closing ports"
Lawn & Garden,Laying crushed rock or gravel
Lawn & Garden,Laying sod
Lawn & Garden,"Mowing lawn, general, walking, moderate effort"
Lawn & Garden,"Mowing lawn, riding mower (Taylor Code 550)"
Lawn & Garden,"Mowing lawn, hand mower, vigorous effort (Taylor Code 570)"
Lawn & Garden,"Mowing lawn, walk, power mower,  moderate or vigorous effort"
Lawn & Garden,"Mowing lawn, power mower, light or moderate effort (Taylor Code 590)"
Lawn & Garden,"Operating snow blower, walking"
Lawn & Garden,"Planting, potting, transplanting seedlings or plants, light effort"
Lawn & Garden,"Planting seedlings, shrubs, stooping, moderate effort"
Lawn & Garden,"Planting crops or garden, stooping, moderate effort"
Lawn & Garden,Planting trees
Lawn & Garden,"Raking lawn or leaves, moderate effort"
Lawn & Garden,Raking lawn (Taylor Code 600)
Lawn & Garden,Raking roof with snow rake
Lawn & Garden,Riding snow blower
Lawn & Garden,"Sacking grass, leaves"
Lawn & Garden,Shoveling dirt or mud
Lawn & Garden,"Shoveling snow, by hand, moderate effort"
Lawn & Garden,"Shoveling snow, by hand (Taylor Code 610)"
Lawn & Garden,"Shoveling snow, by hand, vigorous effort"
Lawn & Garden,"Trimming shrubs or trees, manual cutter"
Lawn & Garden,"Trimming shrubs or trees, power cutter, using leaf blower, edger, moderate effort"
Lawn & Garden,"Walking, applying fertilizer or seeding a lawn, push applicator"
Lawn & Garden,"Watering lawn or garden, standing or walking"
Lawn & Garden,"Weeding, cultivating garden, light-to-moderate effort"
Lawn & Garden,"Weeding, cultivating garden, moderate effort (Taylor Code 580)"
Lawn & Garden,"Weeding, cultivating garden, using hoe moderate-to-vigorous effort"
Lawn & Garden,"Gardening, general, moderate effort"
Lawn & Garden,"Picking fruit or coffee from trees, moderate effort"
Lawn & Garden,"Harvesting Produce, Picking fruit off trees, gleaning fruits, picking fruits/vegetables, climbing ladder to pick fruit, vigorous"
Lawn & Garden,"Harvesting Produce, Picking fruit off trees, gleaning fruits, picking fruits/vegetables, climbing ladder to pick fruit, vigorous  effort"
Lawn & Garden,"Implied walking/standing - picking up yard, light, picking flowers or vegetables"
Lawn & Garden,"Walking, gathering gardening tools"
Lawn & Garden,"Wheel barrow, pushing garden cart or wheelbarrow, general"
Lawn & Garden,"Wheel barrow, pushing large garden cart or heavy wheelbarrow up to 150kg"
Lawn & Garden,"Yardwork, general, light effort"
Lawn & Garden,"Yardwork, general, moderate effort"
Lawn & Garden,"Yardwork, general, vigorous effort"
Miscellaneous,"Board game playing, sitting"
Miscellaneous,"Casino gambling, standing"
Miscellaneous,"Card playing, sitting"
Miscellaneous,"Chess game, sitting"
Miscellaneous,"Copying or filing documents, standing"
Miscellaneous,"Drawing, writing, painting, standing"
Miscellaneous,"Laughter, sitting"
Miscellaneous,"Sitting: reading, book, newspaper, magazine"
Miscellaneous,"sitting, typing or reading on a balance chair/stability ball"
Miscellaneous,"watching tv, stepping during commercial breaks"
Miscellaneous,"Sitting: writing, desk work, typing"
Miscellaneous,"Standing:  talking in person, on the phone, computer, text messaging, writing"
Miscellaneous,"Sitting: talking in person, on the phone, computer, or  text messaging, light effort"
Miscellaneous,"Sitting - studying, general, including reading and/or writing, light effort"
Miscellaneous,"Sitting - in class, general, including note-taking or class discussion"
Miscellaneous,Standing - reading
Miscellaneous,Standing: miscellaneous
Miscellaneous,"Sitting: arts and crafts, carving wood, weaving, spinning wool, light effort"
Miscellaneous,"Sitting: arts and crafts, carving wood, weaving, spinning wool, moderate effort"
Miscellaneous,"Standing: arts and crafts, sand painting, carving, weaving, light effort"
Miscellaneous,"Standing - arts and crafts, sand painting, carving, weaving, moderate effort"
Miscellaneous,"Standing - arts and crafts, sand painting, carving, weaving, vigorous effort"
Miscellaneous,"Retreat/family reunion activities involving sitting, relaxing, talking, eating"
Miscellaneous,Retreat/family reunion activities involving playing games with children
Miscellaneous,Touring/traveling/vacation involving  riding in vehicle
Miscellaneous,Touring/traveling/vacation involving walking
Miscellaneous,"Camping involving standing, walking, sitting, light-to-moderate effort"
Miscellaneous,"Sitting at a sporting event, spectator"
Music Playing,"Accordion, sitting"
Music Playing,"Cello, sitting"
Music Playing,"Conducting orchestra, standing"
Music Playing,"Double bass, standing"
Music Playing,"Drums, sitting"
Music Playing,"Drumming (e.g., bongo, conga, benbe), moderate, sitting"
Music Playing,"Drumming, concert/live show"
Music Playing,"Flute, sitting"
Music Playing,"Horn, standing"
Music Playing,"Piano, sitting"
Music Playing,"Playing musical instruments, general"
Music Playing,"Organ, sitting"
Music Playing,"Trombone, standing"
Music Playing,"Trumpet, standing"
Music Playing,"Violin, sitting"
Music Playing,"Woodwind instruments, sitting"
Music Playing,"Brass instruments, sitting"
Music Playing,"Guitar, classical, folk, sitting"
Music Playing,"Guitar, rock and roll band, standing"
Music Playing,"Marching band, baton twirling, walking, moderate pace, general"
Music Playing,"Marching band, playing an instrument, walking, brisk pace, general"
Music Playing,"Marching band, drum major, walking"
Occupation,"Active workstation, Pedal desk, balance chair/ball, General, light effort"
Occupation,"Active workstation, Pedal desk (40 watts)"
Occupation,"Active workstation, Pedal desk (80 watts)"
Occupation,"Active workstation, treadmill desk, walking slowly 1.0 mph or less"
Occupation,"Active workstation, treadmill desk, walking  1.0 - 2.0 mph"
Occupation,Airline flight attendant
Occupation,Apple Harvesting
Occupation,"Bakery, general, moderate effort"
Occupation,"Bakery, light effort"
Occupation,Bookbinding
Occupation,"Building road, driving heavy machinery"
Occupation,"Building road, directing traffic, standing"
Occupation,"Carpentry, general, light effort"
Occupation,"Carpentry, general, moderate effort"
Occupation,"Carpentry, general, heavy or vigorous effort"
Occupation,"Carrying heavy loads (e.g., bricks, tools)"
Occupation,"Carrying moderate loads up stairs, moving  boxes, 25-49 lbs"
Occupation,"Chambermaid, hotel housekeeper, making bed,  cleaning bathroom, pushing cart"
Occupation,"Cleaning, vacuuming commercial space"
Occupation,"Coal mining, drilling coal, rock"
Occupation,"Coal mining, erecting supports"
Occupation,"Coal mining, general"
Occupation,"Coal mining, shoveling coal, by hand"
Occupation,"Cook, chef"
Occupation,"Construction, outside, remodeling, new  structures (e.g., roof repair, miscellaneous)"
Occupation,"Construction, rebar, bar bending/fixing"
Occupation,"Custodial work, light effort (e.g., cleaning sink  and toilet, dusting, vacuuming, light cleaning)"
Occupation,"Custodial work, moderate effort (e.g., buffing  floors with electric buffer, feathering or  sweeping arena floors, mopping, taking"
Occupation,"Custodial work, moderate effort (e.g., buffing  floors with electric buffer, feathering or  sweeping arena floors, mopping, taking  out the  trash, vaccuming)"
Occupation,"Electrical work (e.g., hook up wire, tapping splicing); plumbing moved to11516"
Occupation,"Engineer (e.g., mechanical or electrical)"
Occupation,"Farming, vigorous effort (e.g., baling hay,  cleaning barn), includes former code 11200"
Occupation,"Farming, moderate effort (e.g., feeding  animals, chasing cattle by walking and/or  horseback, spreading manure, harvesting"
Occupation,"Farming, moderate effort (e.g., feeding  animals, chasing cattle by walking and/or  horseback, spreading manure, harvesting  crops)"
Occupation,"Farming, light effort, (e.g., cleaning animal  sheds, preparing animal feed)"
Occupation,"Farming, driving tasks (e.g., driving tractor or  harvester)"
Occupation,"Farming, feeding small animals"
Occupation,"Farming, feeding cattle, horses"
Occupation,"Farming, hauling water for animals, fetching  water from well or stream"
Occupation,"Farming, taking care of animals (e.g.,  grooming, brushing, shearing sheep, assisting  with birthing, medical care, branding),"
Occupation,"Farming, taking care of animals (e.g.,  grooming, brushing, shearing sheep, assisting  with birthing, medical care, branding),  general"
Occupation,"Farming, rice, planting, grain milling activities"
Occupation,"Farming, milking by hand, cleaning pails,  moderate effort"
Occupation,"Farming, milking by machine, light effort"
Occupation,"Farming, milking Cows, full milking process, modern milking parlor with milking machines"
Occupation,"Fire fighter, general"
Occupation,"Fire fighter, rescue victim, automobile  accident, using pike pole"
Occupation,"Fire fighter, raising and climbing ladder with  full gear, simulated fire suppression"
Occupation,"Fire fighter, hauling hoses on ground,  carrying/hoisting equipment, breaking down  walls etc., wearing full gear"
Occupation,"Fishing, commercial, light effort"
Occupation,"Fishing, commercial, moderate effort"
Occupation,"Forestry, ax chopping, very fast, 1.25 kg axe,  51 blows/min, extremely vigorous effort"
Occupation,"Forestry, ax chopping, slow, 1.25 kg axe, 19  blows/min, moderate effort"
Occupation,"Forestry, ax chopping, fast, 1.25 kg axe, 35  blows/min, vigorous effort"
Occupation,"Forestry, moderate effort (e.g., sawing wood  with power saw, weeding, hoeing)"
Occupation,"Forestry, vigorous effort (e.g., barking, felling,  or trimming trees, carrying or stacking logs,  planting seeds, sawing lumber by"
Occupation,"Forestry, vigorous effort (e.g., barking, felling,  or trimming trees, carrying or stacking logs,  planting seeds, sawing lumber by  hand )"
Occupation,Furriery
Occupation,"Garbage collector, walking, dumping bins into truck, street cleaning"
Occupation,"Hairstylist (e.g., plaiting hair, manicure, make up artist)"
Occupation,"Horse grooming, including feeding, cleaning  stalls, bathing, brushing, clipping, longeing and  exercising horses."
Occupation,"Horse, feeding, watering, cleaning stalls, implied walking and lifting loads"
Occupation,"Horseback riding, working, cutting cows"
Occupation,"Horse racing, galloping, cantor"
Occupation,"Horse racing, Jockey, trotting"
Occupation,"Horse racing, Jockey, walking"
Occupation,Kitchen maid
Occupation,"Lawn keeper, yardwork, general"
Occupation,"Lawn keeper, weeding, gas powered"
Occupation,Laundry worker
Occupation,Locksmith
Occupation,"Machine tooling (e.g., machining, working  sheet metal, machine fitter, operating lathe,  welding) light-to-moderate effort"
Occupation,"Machine tooling, operating punch press,  moderate effort"
Occupation,"Manager, property"
Occupation,"Manual or unskilled labor, general, light effort"
Occupation,"Manual or unskilled labor, general, moderate effort"
Occupation,"Manual or unskilled labor, general, vigorous effort"
Occupation,"Masonary, concrete, moderate effort"
Occupation,"Masonry, concrete, light effort"
Occupation,"Massage therapist, standing"
Occupation,"Mail carrier, walking to deliver mail"
Occupation,"Mail delivery, motorbike"
Occupation,"Mail delivery, Electronically Assisted Bicycle"
Occupation,"Moving, carrying or pushing heavy objects, 75  lbs or more, only active time (e.g., desks,  moving van work)"
Occupation,"Mining, general services, drilling, mining support jobs (mechanical, welding, pipe installation, general construction)"
Occupation,"Skindiving or SCUBA diving as a frogman,  Navy Seal"
Occupation,"Operating heavy duty equipment, automated,  not driving"
Occupation,"Orange grove work, picking fruit"
Occupation,"Painting, house, furniture, moderate effort"
Occupation,Plumbing activities
Occupation,"Printing, paper industry worker, standing"
Occupation,"Police Officer, Walking"
Occupation,"Police, directing traffic, standing"
Occupation,"Police, driving a squad car, sitting"
Occupation,"Police, riding in a squad car, sitting"
Occupation,"Police, making an arrest, standing"
Occupation,"Counter terrorism maneuvers, clearing building"
Occupation,"Shoe repair, general"
Occupation,"Shoveling, digging ditches"
Occupation,"Shoveling, more than 16 lbs/minute, deep  digging, vigorous effort"
Occupation,"Shoveling, less than 10 lbs/minute, moderate  effort"
Occupation,"Shoveling, 10 to 15 lbs/minute, vigorous effort"
Occupation,"Sitting tasks, light effort (e.g., office work,  chemistry lab work, light  assembly repair, watch repair, reading, desk  work)"
Occupation,"Sitting, computer work"
Occupation,"Standing workstation, typing, computer work"
Occupation,"Sitting meetings, light effort, general, and/or with talking involved (e.g., eating at a business meeting)"
Occupation,"Sitting tasks, moderate effort (e.g. pushing  heavy levers, riding mower/forklift, crane  operation)"
Occupation,"Sitting, teaching stretching or yoga, or light  effort exercise classes"
Occupation,"Standing tasks, light effort (e.g., bartending,  store clerk, assembling, filing, duplicating,  librarian, putting up a Christmas tree,"
Occupation,"Standing tasks, light effort (e.g., bartending,  store clerk, assembling, filing, duplicating,  librarian, putting up a Christmas tree,  standing and talking at work, changing clothes when teaching physical education)"
Occupation,"Standing, light/moderate effort (e.g., assemble/repair heavy parts, welding, stocking  parts, auto repair, packing boxes, nursing"
Occupation,"Standing, light/moderate effort (e.g., assemble/repair heavy parts, welding, stocking  parts, auto repair, packing boxes, nursing  patient care, laundry)"
Occupation,"Standing, moderate effort, lifting items  continuously, 10 – 20 lbs, with limited walking  or resting"
Occupation,"Standing, moderate effort, intermittent lifting  50 lbs, hitch or twisting ropes"
Occupation,"Standing, moderate/heavy tasks (e.g., lifting  more than 50 lbs, masonry, painting, paper  hanging)"
Occupation,"Patient care, healthcare activites"
Occupation,"Patient care, room cleaning/preperation"
Occupation,"Steel mill, moderate effort (e.g., fettling,  forging, tipping molds)"
Occupation,"Steel mill, vigorous effort (e.g., hand rolling,  merchant mill rolling, removing slag, tending  furnace)"
Occupation,"Tailoring, cutting fabric"
Occupation,"Tailoring, general"
Occupation,"Tailoring, hand sewing"
Occupation,"Tailoring, machine sewing"
Occupation,"Tailoring, pressing"
Occupation,"Tailoring, weaving, light effort (e.g., finishing operations, washing, dyeing, inspecting cloth, counting yards, paperwork)"
Occupation,"Tailoring, weaving, moderate effort (e.g.,  spinning and weaving operations, delivering  boxes of yarn to spinners, loading of"
Occupation,"Tailoring, weaving, moderate effort (e.g.,  spinning and weaving operations, delivering  boxes of yarn to spinners, loading of  warp  bean, pinwinding, conewinding, warping, cloth  clutting)"
Occupation,"Truck driving, loading and unloading truck,  tying down load, standing, walking and  carrying heavy loads"
Occupation,"Truck driving, delivery truck, taxi, shuttlebus,  school bus"
Occupation,"Typing, electric, manual or computer"
Occupation,"Using heavy power tools such as pneumatic  tools (e.g., jackhammers, drills, etc.)"
Occupation,"Using heavy tools (not power) such as shovel,  pick, tunnel bar, spade"
Occupation,"Walking on job, less than 2.0 mph, very slow  speed, in office or lab area"
Occupation,"Walking on job, 2.8 to 3.4 mph, in office, moderate  speed, not carrying anything"
Occupation,"Walking on job, 3.5 to 3.9 mph, in office, brisk speed,  not carrying anything"
Occupation,"Walking on job, 2.5 mph, slow speed, carrying  light objects less than 25 lbs"
Occupation,"Walking, gathering things at work, ready to  leave"
Occupation,"Walking, 2.5 mph, slow speed, carrying heavy  objects more than 25 lbs"
Occupation,"Walking, 3.0 mph, moderately and carrying  light objects less than 25 lbs"
Occupation,"Walking, pushing a wheelchair"
Occupation,"Walking, 3.5 mph, briskly and carrying objects  less than 25 lbs"
Occupation,"Walking or walk downstairs or standing,  carrying objects about 25 to 49 lbs"
Occupation,"Walking or walk downstairs or standing,  carrying objects about 50 to 74 lbs"
Occupation,"Walking or walk downstairs or standing,  carrying objects about 75 to 99 lbs"
Occupation,"Walking or walk downstairs or standing,  carrying objects about 100 lbs or more"
Occupation,"Warehouse/Shipping Center, Loading/Unloading boxes"
Occupation,"Warehouse/Shipping Center, Moving boxes (~5kg)"
Occupation,"Working in scene shop, theater actor, backstage  employee"
Occupation,"Soldiers, military marching, unloaded 1.5-2.5 mph"
Occupation,"Soldiers, military marching, 1.5-2.5 mph, 10 to 30 kg load"
Occupation,"Airborne Shuffle, 2.5 to 3.5 mph, 20-30 kg load"
Occupation,"Soldiers, military loaded marching, varying terrain, 25-40 kg load"
Occupation,"Soldiers, walking, 2.8 mph, 5% grade, up to 21.5 kg load"
Occupation,"Soldiers, walking,  2.8 mph, 10% grade, up to 21.5 kg load"
Occupation,"Soldiers, walking,  2.8 mph, 15% grade, up to 21.5 kg load"
Occupation,"Military activities, arterial field preparation, digging defensive positions"
Running,Jog/walk combination (jogging component of less than 10 minutes) (Taylor Code 180)
Running,"Jogging, general, self-selected pace"
Running,"Jogging, in place"
Running,Jogging 2.6 to 3.7 mph
Running,Jogging on a mini-tramp
Running,"Running, 4 to 4.2 mph (13 min/mile)"
Running,Running 4.3 to 4.8 mph
Running,"Running, 5.0 to 5.2 mph (12 min/mile)"
Running,"Running, 5.5 -5.8 mph"
Running,"Running, 6-6.3 mph (10 min/mile)"
Running,"Running, 6.7 mph (9 min/mile)"
Running,"Running, 7 mph (8.5 min/mile)"
Running,"Running, 7.5 mph (8 min/mile)"
Running,"Running, 8 mph (7.5 min/mile)"
Running,"Running, 8.6 mph (7 min/mile)"
Running,"Running, 9 mph (6.5 min/mile)"
Running,"Running, 9.3 to 9.6 mph"
Running,"Running, 10 mph (6 min/mile)"
Running,"Running, 11 mph (5.5 min/mile)"
Running,"Running, 12 mph (5.0 min/mile)"
Running,"Running, 13 mph (4.6 min/mile)"
Running,"Running, 14 mph (4.3 min/mile)"
Running,"Running, cross country"
Running,"Running, self-selected pace"
Running,Running (Taylor Code 200)
Running,"Running, stairs, up"
Running,"Running, on a track, team practice"
Running,"Running, on track, 500-1500m, competitive"
Running,"Running, on track, 2000-3000m, competitive"
Running,"Running, training, pushing a wheelchair or baby carrier"
Running,"Running, marathon"
Running,"Running uphill, 4.5mph, 5% incline"
Running,"Running uphill, 6.0 mph, 5% incline"
Running,"Running uphill, 7.0 mph, 5% incline"
Running,"Running uphill, 5.0 to 5.9 mph, 15% incline"
Running,"Running uphill, 0.6 to 0.79 mph, 30% incline"
Running,"Running uphill, 0.8 to 0.99 mph, 30% incline"
Running,"Running uphill, 1.0 to 1.19 mph, 30% incline"
Running,"Running uphill, 1.2 to 1.39 mph, 30-40% incline"
Running,"Running uphill, 1.4 to 1.59 mph, 30% incline"
Running,"Running uphill, >1.6mph, 10-30% incline"
Running,"Running, hilly terrain, ±100m change in elevation"
Running,"Running downhill, 5.0 to 5.9 mph, -10% to -15%"
Running,"Running downhill, 6.0 to 6.9 mph, -10% to -15%"
Running,"Running downhill, 7.0 to 8.9 mph, -10% to -15%"
Running,"Running downhill, 6.0 to 7.9 mph, -3% to -9%"
Running,"Running downhill, 8.0 to 10.5 mph, -3% to -9%"
Running,"Running/jogging, curved treadmill, 3.0 to 3.9 mph"
Running,"Running/jogging, curved treadmill, 4.0 to 4.9 mph"
Running,"Running curved treadmill, 5.0 to 5.9 mph"
Running,"Running curved treadmill, 7.0 to 7.9 mph"
Running,"Running curved treadmill, 8.0 to 8.9 mph"
Running,"Running curved treadmill, 9.0 to 9.9 mph"
Running,"Running, 5.0 - 5.9 mph, 1.0 to 3.0 kg backpack"
Running,"Running, 6.0 - 6.9 mph, 1.0 to 3.0 kg backpack"
Running,"Running, 7.0 - 7.9 mph, 1.0 to 3.0 kg backpack"
Running,"Running, 8.0 - 8.9 mph, 1.0 to 3.0 kg backpack"
Running,"Running, barefoot, 3.5-5.9 mph"
Running,"Running, barefoot, 6.0-7.9 mph"
Running,"Running, barefoot, 8.0-8.9 mph"
Running,"Running, jogging stroller, indoors, 5 mph"
Running,"Running, jogging stroller, indoors, 6 mph"
Running,"Running, jogging stroller, outdoors, 5 mph"
Running,"Running, jogging stroller, outdoors, 6 mph"
Running,"Skipping, 5.5-6.0 mph"
Running,"Triathlon, Running"
Self Care,"Getting ready for bed, general, standing"
Self Care,"Sitting on toilet, eliminating while standing or squatting"
Self Care,"Bathing, sitting"
Self Care,"Dressing, undressing, standing or sitting"
Self Care,"Eating, sitting"
Self Care,"Talking and eating or eating only, standing"
Self Care,"Taking medication, sitting or standing"
Self Care,"Grooming, washing hands, shaving, brushing teeth, putting on make-up, sitting or standing"
Self Care,"Hairstyling, standing"
Self Care,"Having hair or nails done by someone else, sitting"
Self Care,"Showering, toweling off, standing"
Sexual Activity,"Active, vigorous effort"
Sexual Activity,"General, moderate effort"
Sexual Activity,"Passive, light effort, kissing, hugging"
Sports,"Alaska Native Games, Eskimo Olympics, general"
Sports,Archery (non-hunting)
Sports,"Badminton, competitive (Taylor Code 450)"
Sports,"Badminton, competitive, match play"
Sports,"Badminton, social singles and doubles, general"
Sports,"Basketball, game (Taylor Code 490)"
Sports,"Basketball, non-game, general (Taylor Code 480)"
Sports,"Basketball, general"
Sports,"Basketball, officiating (Taylor Code 500)"
Sports,"Basketball, officiating"
Sports,"Basketball, shooting baskets"
Sports,"Basketball, drills, practice"
Sports,Billiards
Sports,Bowling (Taylor Code 390)
Sports,"Bowling, indoor, bowling alley"
Sports,"Boxing, in ring, general"
Sports,"Boxing, punching bag"
Sports,"Boxing, punching bag, 60 b/min"
Sports,"Boxing, punching bag, 120 b/min"
Sports,"Boxing, punching bag, 180 b/min"
Sports,"Boxing, sparring"
Sports,"Boxing, simulated boxing round, exercise"
Sports,Broomball
Sports,"Children’s games, adults playing  (e.g., hopscotch, 4-square, dodge ball, playground apparatus, t-ball,  tetherball, marbles,"
Sports,"Children’s games, adults playing  (e.g., hopscotch, 4-square, dodge ball, playground apparatus, t-ball,  tetherball, marbles,  jacks, arcade games), moderate effort"
Sports,"Cheerleading, gymnastic moves, competitive"
Sports,"Coaching, football, soccer, basketball, baseball, swimming, etc."
Sports,"Coaching, actively playing sport with players"
Sports,"Cricket, batting, bowling, fielding"
Sports,Croquet
Sports,Curling
Sports,"Darts, wall or lawn"
Sports,"Drag racing, pushing or driving a car"
Sports,"Auto racing, open wheel"
Sports,Futsal
Sports,"Fencing, general"
Sports,"Fencing, epee, competitive"
Sports,Floorball
Sports,"Football, competitive"
Sports,"Football, touch, flag, general (Taylor Code 510)"
Sports,"Football, touch, flag, light effort"
Sports,"Football or baseball, playing catch"
Sports,"Frisbee playing, general"
Sports,"Frisbee, ultimate"
Sports,Frisbee golf
Sports,"Golf, general"
Sports,"Golf, walking, carrying clubs"
Sports,"Golf, miniature, driving range"
Sports,"Golf, walking, pulling clubs"
Sports,"Golf, using power cart (Taylor Code 070)"
Sports,"Gymnastics, general"
Sports,Hacky sack
Sports,"Handball, general (Taylor Code 520)"
Sports,"Handball, team"
Sports,"High ropes course, multiple elements"
Sports,Hang gliding
Sports,"Hockey, field"
Sports,"Hockey, ice, general"
Sports,"Hockey, ice, competitive"
Sports,"Horseback riding, general"
Sports,"Horse grooming, maintenance, saddling tasks"
Sports,"Horseback riding, trotting"
Sports,"Horseback riding, canter or gallop"
Sports,"Horseback riding, walking"
Sports,"Horseback riding, jumping"
Sports,"Horseback riding, reining"
Sports,"Horseback riding, simulator"
Sports,"Horse cart, driving, standing or sitting"
Sports,"Horseshoe pitching, quoits"
Sports,Jai alai
Sports,"Martial Arts, different types, slower pace, novice performers, practice"
Sports,"Martial Arts, different types, moderate pace (e.g., judo, jujitsu, karate, kick boxing, tae kwon do, tai-bo, Muay Thai boxing)"
Sports,"Taekwondo, combat simulation"
Sports,Judo
Sports,Juggling
Sports,"Kendu, kihon-keiko style, moderate intensity"
Sports,"Kendu, kirikaeshi style, high intensity"
Sports,"Kendu, kakari keiko style, very high intensity"
Sports,Kickball
Sports,Kung Fu Gymnastics
Sports,Kickboxing
Sports,Lacrosse
Sports,"Lawn bowling, bocce ball, outdoor"
Sports,"Motocross, off-road motor sports, all-terrain vehicle, general"
Sports,"Motorcycle racing, Supormoto racing"
Sports,Netball
Sports,Orienteering
Sports,"Paddleball, competitive"
Sports,"Paddleball, casual, general (Taylor Code 460)"
Sports,"Paragliding, moderate altitude"
Sports,Prusik climbing
Sports,"Polo, on horseback"
Sports,"Racquetball, competitive"
Sports,"Race Walking, 3.1 m/s (6.9 mph)"
Sports,"Race Walking, 3.7 m/s (8.3 mph)"
Sports,"Race Walking, racing speed, 4.0 m/s (8.95 mph)"
Sports,"Racquetball, general (Taylor Code 470)"
Sports,"Rock or mountain climbing (Taylor Code 060), (formerly code 17120)"
Sports,"Rock climbing, free boulder"
Sports,"Rock climbing, ascending rock, high difficulty"
Sports,"Rock climbing, speed climbing, very difficult"
Sports,"Rock climbing, ascending or traversing rock, low-to-moderate difficulty"
Sports,"Rock climbing, treadwall, 4-6 m/min"
Sports,"Rock climbing, treadwall, 7-10 m/min"
Sports,"Rock climbing, rappelling,"
Sports,"Rodeo sports, general, light effort"
Sports,"Rodeo sports, general, moderate effort"
Sports,"Rodeo sports, general, vigorous effort"
Sports,"Rope jumping, fast pace, 120-160 skips/min"
Sports,"Rope jumping, moderate pace, general, 100 to 120 skips/min, 2 foot skip, plain bounce"
Sports,"Rope jumping, slow pace, < 100 skips/min, 2 foot skip, rhythm bounce"
Sports,"Rope jumping, double under or more"
Sports,"Rugby, union, team, competitive"
Sports,"Rugby, touch, non-competitive"
Sports,Shuffleboard
Sports,"Skateboarding, general, moderate effort"
Sports,"Skateboarding, competitive, vigorous effort"
Sports,"Skating, roller (Taylor Code 360)"
Sports,"Roller blading, in-line skating, 14.4 km/h (9.0 mph), recreational pace"
Sports,"Roller blading, in-line skating, 17.7 km/h (11.0 mph), moderate pace, exercise training"
Sports,"Roller blading, in-line skating, 21.0 to 21.7 km/h (13.0 to 13.6 mph), fast pace, exercise training"
Sports,"Rollerblading, in-line skating, 24.0 km/h (15.0 mph), maximal effort"
Sports,"Skateboard, longboard, 13.3 km/h, slow speed"
Sports,"Skateboard, longboard, 16.2 km/h, typical speed"
Sports,"Skateboard, longboard, 13.3 km/h, fast speed"
Sports,"Skydiving, base-jumping, bungee jumping"
Sports,"Soccer, competitive"
Sports,"Soccer, casual, general (Taylor Code 540)"
Sports,Walking football/soccer
Sports,"Softball or baseball, fast or slow pitch, general, moderate effort (Taylor Code 440)"
Sports,"Softball, practice"
Sports,"Softball, officiating"
Sports,"Softball, pitching"
Sports,"Sports spectator, very excited, emotional, physically moving"
Sports,Squash (Taylor Code 530)
Sports,"Squash, general"
Sports,"Table tennis, ping pong (Taylor Code 410)"
Sports,"Tai chi, qi gong, general"
Sports,"Tai chi, qi gong, sitting, light effort"
Sports,"Tai chi chuan, Yang style"
Sports,"Tennis, general, moderate effort"
Sports,"Tennis, general, competitive"
Sports,"Tennis, doubles (Taylor Code 430)"
Sports,"Tennis, doubles"
Sports,"Tennis, singles (Taylor Code 420)"
Sports,"Tennis, hitting balls, non-game play, moderate effort"
Sports,"Trampoline, recreational"
Sports,"Trampoline, competitive"
Sports,Volleyball (Taylor Code 400)
Sports,"Volleyball, competitive, in gymnasium"
Sports,"Volleyball, non-competitive, 6 - 9 member team, general"
Sports,"Volleyball, beach, in sand"
Sports,"Wrestling, competitive (one match = 5 minutes)"
Sports,"Wallyball, general"
Sports,"Track and field (e.g., shot, discus, hammer throw)"
Sports,"Track and field (e.g., high jump, long jump, triple jump, javelin, pole vault)"
Sports,"Track and field (e.g., steeplechase, hurdles)"
Transportation,"Bicycling for transportation, light effort"
Transportation,"Bicycling for transportation, high effort"
Transportation,E-bike (electrically assisted) for transportation
Transportation,Automobile or light truck (not a semi) driving
Transportation,Riding in a car or truck
Transportation,Riding in a bus or train
Transportation,Flying airplane or helicoptor
Transportation,"Motor scooter, motorcycle"
Transportation,Pulling rickshaw
Transportation,Pushing plane in and out of hangar
Transportation,"Truck, semi, tractor, ≥1 ton, or bus, driving"
Transportation,"Walking for transportation, 2.8-3.2 mph, level, moderate pace, firm surface"
Walking,Backpacking (Taylor Code 050)
Walking,"Walking with a day pack, level ground, assumed in the city"
Walking,"Backpacking,  hiking with a daypack, organized walking with daypack"
Walking,"Carrying 5 to 14 lb (2.3 to 6.4 kg) load (e.g. suitcase, boxes, groceries), level ground, moderate pace"
Walking,"Carrying 15 - 155 lb (6.8 - 70.4 kg) load (e.g. suitcase, boxes, furniture), level ground or downstairs, slow pace"
Walking,"Carrying 50 to 150 pound load (e.g., equine or bovine feed, fence pipes, furniture), level ground, moderate pace"
Walking,"Carrying ~10 lb child, slow walking"
Walking,"Carrying load upstairs, general"
Walking,"Carrying load, 1 to 15 lb load, upstairs"
Walking,"Carrying load, 16 to 24 lb load, upstairs"
Walking,"Carrying load, 25 to 49 lb load, upstairs"
Walking,"Carrying load, 50 to 74 lb load, upstairs"
Walking,"Carrying load, >74 lb load, upstairs"
Walking,"Loading  and/or unloading a car, implied walking"
Walking,"Climbing hills, no load, 5 to 20% grade, very slow pace"
Walking,"Climbing hills, 15-50 lb load, 1 to 2% grade, slow pace"
Walking,"Climbing hills, no load, 1 to 5% grade, moderate-to-brisk pace"
Walking,"Climbing hills, no load, 6 to 10% grade, moderate-to-brisk pace"
Walking,"Climbing hills, no load, 11 to 20% grade, slow-to-moderate pace"
Walking,"Climbing hills, no load, 4.0 to 5.0 mph, 3 to 5% grade, very fast pace"
Walking,"Climbing hills, no load, steep grade (30%), slow pace (less than 1.2 mph)"
Walking,"Climbing hills, no load, very steep grade (30-40%), 1.2 to 1.8 mph"
Walking,"Climbing hills, no load, steep grade (10-40%), 1.8 to 5.0 mph"
Walking,"Climbing hills, 10 to 20 lb load, 5 to 10% grade, moderate"
Walking,"Climbing hills, 21 to 40 lb load, 3 to 10% grade, moderate-to-brisk pace"
Walking,"Climbing hills, 20+ pound load, 5 to 20% grade, moderate to brisk pace"
Walking,Descending stairs
Walking,"Hauling water, head hauling, walking on flat surface"
Walking,"Hiking, cross country (Taylor Code 040)"
Walking,"Hiking slowly or ambling through fields and hillsides, no load"
Walking,"Hiking or walking at a normal pace through fields and hillsides, no load"
Walking,"Bird watching, walking and stopping"
Walking,"Marching, moderate speed, military, no pack"
Walking,"Marching rapidly, military, no pack"
Walking,"Pushing or pulling stroller with child or walking with children, 2.5 to 3.1 mph"
Walking,"Pushing a wheelchair, non-occupational"
Walking,Race walking
Walking,"Stair climbing, using or climbing up ladder (Taylor Code 030)"
Walking,"Stair climbing, general"
Walking,"Stair climbing, slow pace"
Walking,"Stair climbing, fast pace, one step at a time"
Walking,"Stair climbing, two steps at a time"
Walking,"Stair climbing, ascending and descending stairs"
Walking,"Using crutches, level ground, general"
Walking,"Using crutches, fast pace"
Walking,Using medical knee scooter
Walking,"Walking, household"
Walking,"Walking, less than 2.0 mph, level, strolling, very slow"
Walking,"Walking, 2.0 to 2.4 mph, level, slow pace, firm surface"
Walking,Walking for pleasure (Taylor Code 010)
Walking,"Walking from house to car or bus, from car or bus to go places, from car or bus to and from the worksite"
Walking,Walking to neighbor’s house or family’s house for social reasons
Walking,Walking the dog
Walking,"Walking, 2.5 mph, firm, level surface"
Walking,"Walking, 2.5 mph, downhill"
Walking,"Walking, 2.8 to 3.4 mph, level, moderate pace, firm surface"
Walking,"Walking, 3.5 to 3.9 mph, level, brisk, firm surface, walking for exercise"
Walking,"Walking, 4.0 to 4.4 mph (6.4 to 7.0 km/h), level, firm surface, very brisk pace"
Walking,"Walking, 4.5 to 4.9 mph, level, firm surface, very, very brisk"
Walking,"Walking, 5.0 to 5.5 mph (8.8 to 8.9 km/h), level, firm surface"
Walking,"Walking, for pleasure, work break (Taylor Code xxx)"
Walking,"Walking, self-selected speed, indoor track or outdoors, firm surface"
Walking,"Walking, grass track"
Walking,"Walking, normal pace, plowed field or sand"
Walking,"Walking, to work or class (Taylor Code 015)"
Walking,"Walking, to and from an outhouse"
Walking,"Walking, for exercise, 2.5 to 3.5 mph (4.0 to 5.6 km/h), with ski poles, Nordic walking, level, moderate pace"
Walking,"Walking, for exercise, 3.6 to 4.4 mph (5.8 to 7.1 km/h), with ski poles, Nordic walking, level, moderate pace"
Walking,"Walking, for exercise, 4.5 to 5.0 mph, with ski poles, Nordic walking, level, fast pace"
Walking,"Walking, for exercise, with ski poles, Nordic walking, uphill, moderate pace"
Walking,"Walking, for exercise, with ski poles, Nordic walking, level ground, carrying 20 to 30 lb load (9.0 to 15.0 kg)"
Walking,"Walking, for exercise, with ski poles, Nordic walking, uphill, carrying 20 to 30 lb load (9.0 to 15.0 kg)"
Walking,"Walking, backward, 3.5 mph, level"
Walking,"Walking, backward, 3.5 mph, uphill, 5% grade"
Walking,"Walking, Teabag walk, Monty Python Ministry of Silly Walks"
Walking,"Walking, Putey walk, Monty Python Ministry of Silly Walks"
Walking,"Walking, treadmill, less than 1.0 mph, 0% grade"
Walking,"Walking, treadmill, 1.0 mph, 0% grade"
Walking,"Walking, treadmill, 1.2 to 1.9 mph, 0% grade (1.9 to 3.0 km/h)"
Walking,"Walking, treadmill, 2.0 to 2.4 mph (3.2 to 3.9 km/h), 0% grade"
Walking,"Walking, treadmill, 2.5 to 2.9 mph (4.0 to 4.7 km/h), 0% grade"
Walking,"Walking, treadmill, 3.0 to 3.4 mph (4.8 to 5.5 km/h), 0% grade"
Walking,"Walking, treadmill, 3.5 to 3.9 mph (5.6 to 6.3 km/h), 0% grade"
Walking,"Walking, treadmill, 4.0 to 4.4 mph (6.4 to 7.1 km/h), 0% grade"
Walking,"Walking, treadmill, 4.5 to 4.9 mph (7.2 to 7.9 km/h), 0% grade"
Walking,"Walking, treadmill, 5.0 to 5.5 mph (8.0 to 8.9 km/h), 0% grade"
Walking,"Walking, treadmill, downhill (-3% to -12% grade), 2.8 to 3.1 mph"
Walking,"Walking, treadmill, downhill (-5% to -25% grade), 2.8 mph, with Nordic Poles"
Walking,"Walking, treadmill, 2.5 mph, 0% grade, 5 to 20 degrees C, 40 lb (18.2 kg) load"
Walking,"Walking, treadmill, 2.5 mph, 0% grade, -10 to 0 degrees C, 40 lb (18.2 kg) load"
Walking,"Walking, Curved treadmill, 3.0 to 5.0 mph, brisk pace"
Walking,"Walking treadmill, backwards, 2.5 mph, +10% grade"
Walking,"Walking, with a walker or step-to gait on treadmill, 0.7 mph (1.1 km/h), 0% grade"
Water Activities,"Boating, power, driving"
Water Activities,"Boating, power, passenger, light"
Water Activities,"Canoeing, on camping trip (Taylor Code 270)"
Water Activities,"Canoeing, harvesting wild rice, knocking rice off the stalks"
Water Activities,"Canoeing, portaging"
Water Activities,"Canoeing, rowing, 2.0-3.9 mph, light effort"
Water Activities,"Canoeing, rowing, 4.0-5.9 mph, moderate effort"
Water Activities,"Canoeing, rowing, kayaking, competition, > 6 mph, vigorous effort"
Water Activities,"Canoeing, rowing, for pleasure, general (Taylor Code 250)"
Water Activities,"Canoeing or rowing, in competition, crew or sculling (Taylor Code 260)"
Water Activities,"Diving, springboard or platform"
Water Activities,"Kayaking, moderate effort"
Water Activities,"Kayaking, competition"
Water Activities,"Kayaking, slalom, flat water"
Water Activities,Paddle boat
Water Activities,"Rowing, simulated crew in a water tank, single oar, 33 strokes/min,"
Water Activities,"Rowing, single scull, ergometer, ergometer on slides, racing speed (32+ strokes/min, >10 mph)"
Water Activities,"Sailing, boat and board sailing, windsurfing, ice sailing, general (Taylor Code 235)"
Water Activities,"Sailing, in competition, general"
Water Activities,"Sailing, in competition, high effort"
Water Activities,"Sailing, Sunfish/Laser/Hobby Cat, Keel boats, ocean sailing, yachting, leisure"
Water Activities,"Sailing, dingy"
Water Activities,"Skiing, water or wake boarding (Taylor Code 220)"
Water Activities,"Jet skiing, driving, in water"
Water Activities,"Skindiving, fast"
Water Activities,"Skindiving, moderate"
Water Activities,"Skindiving, scuba diving, general (Taylor Code 310)"
Water Activities,"Scuba diving, general, light effort"
Water Activities,"Scuba diving, general, moderate effort"
Water Activities,"Scuba diving, professional diver"
Water Activities,"Scuba diving, recreational diver"
Water Activities,Snorkeling (Taylor Code 320)
Water Activities,"Surfing, body or board, general"
Water Activities,"Surfboard, paddling"
Water Activities,"Surfing, body or board, competitive"
Water Activities,"Stand up paddle boarding, general"
Water Activities,"Stand up Paddleboard, standing, 10-19 strokes/min"
Water Activities,"Stand up Paddleboard, standing, 20-29 strokes/min"
Water Activities,"Stand up Paddleboard, standing, 30-39 strokes/min"
Water Activities,"Stand up Paddleboard, standing, 40-49 strokes/min"
Water Activities,"Stand up Paddleboard, standing, 50-69 strokes/min"
Water Activities,"Swimming laps, freestyle, fast, vigorous effort"
Water Activities,"Swimming laps, freestyle, slow, recreational"
Water Activities,"Swimming, backstroke, training or competition"
Water Activities,"Swimming, backstroke, recreational"
Water Activities,"Swimming, breaststroke, general, training or  competition"
Water Activities,"Swimming breaststroke, recreational"
Water Activities,"Swimming, butterfly, general"
Water Activities,"Swimming, crawl, fast speed, ~75 yards/minute,  vigorous effort"
Water Activities,"Swimming, open water, 5k"
Water Activities,"Swimming, crawl, medium speed, ~50 yards/minute, vigorous effort"
Water Activities,"Swimming, crawl, slow speed, 30-45 yards/minute, moderate effort"
Water Activities,"Swimming, crawl, elite swimmers, competition, >90 yards/minute"
Water Activities,"Swimming, lake, ocean, river (Taylor Codes 280,  295)"
Water Activities,"Swimming, leisurely, not lap swimming, general"
Water Activities,"Swimming, sidestroke, general"
Water Activities,"Swimming, synchronized"
Water Activities,"Swimming, treading water, fast, vigorous effort"
Water Activities,"Swimming, treading water, moderate effort,  general"
Water Activities,"Tubing, floating on a river, general"
Water Activities,"Water aerobics, water calisthenics, general"
Water Activities,"Water aerobics, resistance exercises"
Water Activities,"Water aerobics, high intensity"
Water Activities,Water polo
Water Activities,Water volleyball
Water Activities,"Water jogging, vigorous effort"
Water Activities,"Water walking, light effort, slow pace"
Water Activities,"Water walking, moderate effort, moderate pace"
Water Activities,"Water walking, vigorous effort, brisk pace"
Water Activities,"Whitewater rafting, kayaking, or canoeing"
Water Activities,"Water running, 30 steps/min, slow"
Water Activities,"Water running, 40 steps/min, moderate"
Water Activities,"Water running, 50 steps/min, fast"
Water Activities,"Water running, 60 steps/min, very fast"
Water Activities,"Windsurfing, not pumping for speed"
Water Activities,"Windsurfing or kitesurfing, crossing trial"
Water Activities,"Windsurfing, competition, pumping for speed"
Water Activities,"Aquatic cycling, 25 W, 40-50 RPM"
Water Activities,"Aquatic cycling, 25 W, 60-70 RPM"
Water Activities,"Aquatic cycling, 50 W, 40-50 RPM"
Water Activities,"Aquatic cycling,  50 W, 60-70 RPM"
Water Activities,"Aquatic cycling, 75 W, 40-50 RPM"
Water Activities,"Aquatic cycling, 75 W, 60-70 RPM"
Water Activities,"Aquatic cycling, 100 W, 40-50 RPM"
Water Activities,"Aquatic cycling, 100 W, 60-70 RPM"
Water Activities,"Aquatic cycling, 80-89 RPM"
Water Activities,"Aquatic cycling, 90+ RPM"
Winter Activities,"Dog sledding, mushing"
Winter Activities,"Dog sledding, passenger"
Winter Activities,"Moving icehouse, set up/drill holes"
Winter Activities,Ice fishing
Winter Activities,"Skating, ice dancing"
Winter Activities,"Skating, ice, 9 mph or less"
Winter Activities,"Skating, ice, general (Taylor Code 360)"
Winter Activities,"Skating, ice, rapidly, more than 9 mph but not competitive"
Winter Activities,"Skating Treadmill, 6 - 6.9 mph, 2% grade"
Winter Activities,"Skating Treadmill, 7 - 7.9 mph, 2% grade"
Winter Activities,"Skating Treadmill, 8 - 8.9 mph, 2% grade"
Winter Activities,"Skating Treadmill, 9 - 9.9 mph, 2% grade"
Winter Activities,"Skating, speed, competitive"
Winter Activities,"Ski jumping, climb up carrying skis"
Winter Activities,"Skiing, general"
Winter Activities,"Skiing, cross country, 2.5 mph, slow or light effort, ski walking"
Winter Activities,"Skiing, cross country, 4.0-4.9 mph, moderate speed and effort, general"
Winter Activities,"Skiing, cross country, 5.0-7.9 mph, brisk speed, vigorous effort"
Winter Activities,"Skiing, cross country, elite skier, >8.0-11.9 mph, racing"
Winter Activities,"Skiing, cross country, 12-16 mph, elite skier, racing"
Winter Activities,"Skiing, cross-country skiing high-intensity training"
Winter Activities,"Skiing, cross country, hard snow, uphill, maximum, snow mountaineering"
Winter Activities,"Skiing, cross-country, skating"
Winter Activities,"Skiing, cross-country, biathlon, skating technique"
Winter Activities,"Biathlon training, 5 degree incline, 8 km/h (5 mph), with/without rifle"
Winter Activities,"Biathlon training, 5 degree incline, 10.7 km/h (5 mph), with/without rifle"
Winter Activities,"Skiing, slalom"
Winter Activities,"Skiing, downhill, alpine or snowboarding, light effort, active time only"
Winter Activities,"Skiing, downhill, alpine or snowboarding, moderate effort, general, active time only"
Winter Activities,"Skiing, downhill, alpine or snowboarding, vigorous effort, active time only"
Winter Activities,"Skiing, Alpine skiing high-intensity training"
Winter Activities,"Sledding, tobogganing, bobsledding, luge (Taylor Code 370)"
Winter Activities,"Snow shoeing, moderate effort"
Winter Activities,"Snow shoeing, vigorous effort"
Winter Activities,"Snowmobiling, driving, moderate pace, flat land"
Winter Activities,"Snowboarding, recreational, moderate pace, mountain"
Winter Activities,"Snowmobiling, passenger, light"
Winter Activities,"Snow shoveling, by hand, moderate effort"
Winter Activities,"Snow shoveling, by hand, vigorous effort"
Winter Activities,"Snow blower, walking and pushing"
Winter Activities,"Skiing, roller, elite racers"
Winter Activities,"Rollerskiing, 10 - 12.9 km/h, no incline"
Winter Activities,"Rollerskiing, 13 - 16.9 km/h, no incline"
Winter Activities,"Rollerskiing, 17 - 19.9 km/h, no incline"
Winter Activities,"Rollerskiing, 20 - 23.9 km/h, no incline"
Winter Activities,"Rollerskiing, 24 - 27.9 km/h, no incline"
Winter Activities,"Rollerskiing, 10-15 km/h, 2-5 degree incline"
Winter Activities,"Rollerskiing, 16-22 km/h, 2-5 degree incline"
Winter Activities,"Rollerskiing, 6-9 km/h, 6-10 degree incline"
Winter Activities,"Rollerskiing, >10 km/h, 6-10 degree incline"
Winter Activities,"Mountaineering, downhill climbing, walking down with rope"
Winter Activities,"Mountaineering, downhill climbing/cross-country skiing"
Religious Activities,"Sitting in church, in service, attending a ceremony, sitting quietly"
Religious Activities,"Sitting, playing an instrument at church"
Religious Activities,"Sitting in church, talking or singing, attending a ceremony, sitting, active participation"
Religious Activities,"Sitting, reading religious materials at home"
Religious Activities,"Standing quietly in church, attending a ceremony"
Religious Activities,"Standing, singing in church, attending a ceremony, standing, active participation"
Religious Activities,"Kneeling in church or at home, praying"
Religious Activities,"Standing, talking in church"
Religious Activities,Walking in church
Religious Activities,"Walking, less than 2.0 mph, very slow"
Religious Activities,"Walking, 2.8 to 3.4 mph, moderate speed, not carrying anything"
Religious Activities,"Walking, 3.5 to 3.9 mph, brisk speed, not carrying anything"
Religious Activities,"Walk/stand combination for religious purposes, usher"
Religious Activities,"Praise with dance or run, spiritual dancing in church"
Religious Activities,Serving food at church
Religious Activities,Preparing food at church
Religious Activities,"Washing dishes, cleaning kitchen at church"
Religious Activities,Eating at church
Religious Activities,"Eating/talking at church or standing eating, American Indian Feast days"
Religious Activities,Cleaning church
Religious Activities,General yard work at church
Religious Activities,"Standing , moderate effort (e.g., lifting heavy objects, assembling at fast rate)"
Religious Activities,"Standing, moderate-to-heavy effort, manual labor, lifting ≥ 50 lbs, heavy maintenance"
Religious Activities,"Typing, electric, manual, or computer"
Volunteer Activities,"Sitting, meeting, general, and/or with talking involved"
Volunteer Activities,"Sitting, light office work, in general"
Volunteer Activities,"Sitting, moderate work"
Volunteer Activities,"Standing, light work (filing, talking, assembling)"
Volunteer Activities,"Sitting, child care, only active periods"
Volunteer Activities,"Standing, child care, only active periods"
Volunteer Activities,"Walk/run play with children, moderate, only active periods"
Volunteer Activities,"Walk/run play with children, vigorous, only active periods"
Volunteer Activities,"Standing, light/moderate work (e.g., pack boxes, assemble/repair, set up chairs/furniture)"
Volunteer Activities,"Standing, moderate (e.g., lifting 50 lbs., assembling at fast rate)"
Volunteer Activities,"Standing, moderate/heavy work"
Volunteer Activities,"Typing, electric, manual, or computer"
Volunteer Activities,"Walking, less than 2.0 mph, very slow"
Volunteer Activities,"Walking, 2.8 to 3.4 mph, moderate speed, not carrying anything"
Volunteer Activities,"Walking, 3.5 to 3.9 mph, brisk speed, not carrying anything"
Volunteer Activities,"Walking, 2.5 mph slowly and carrying objects less than 25 pounds"
Volunteer Activities,"Walking, 3.0 mph moderately and carrying objects less than 25 pounds, pushing something"
Volunteer Activities,"Walking, 3.5 mph, briskly and carrying objects less than 25 pounds"
Volunteer Activities,"Walk/stand combination, for volunteer purposes"
Video Games,"Seated, video game, handheld controller (inactive)"
Video Games,"Video game, handheld controller (light effort)"
Video Games,"Video game, light effort (Wii Fit, yoga, bowling, etc)"
Video Games,"Active video game, motion sensing game/using upper body (light to moderate effort)"
Video Games,"Active video game, motion sensing game/using total body (moderate effort)"
Video Games,"Active video game, motion sensing game/using total body (moderate-to-vigorous effort)"
Video Games,"Active video game, motion sensing game/using total body, exergames, workouts, dancing (vigorous effort)"
Video Games,"Conditioning/exercise virtual reality fitness, vigorous intensity"
