title,category,duration_seconds
F1s 2027 Calendar is... Complicated 🤨,Sports,65
How Tech Companies Lie to You.,Science & Technology,1487
Batch Normalization in Deep Learning | Batch Learning in Keras,Education,2619
Bias Variance Trade-off | Overfitting and Underfitting in Machine Learning,Education,485
ResNet Architecture: Part 1 (in Hindi),Education,892
Encoder Decoder | Sequence-to-Sequence Architecture | Deep Learning | CampusX,Education,4422
Eigendecomposition : Data Science Basics,Education,531
Why Does Everyone Hate Black Cats?? 💔😭,Gaming,60
"Last To Leave Grocery Store, Wins $250,000",Entertainment,2577
GROWN UP | Standup Comedy Special by Jaspreet Singh,Comedy,4374
AES Algorithm in Hindi |  Advanced Encryption Standard Algorithm in Cryptography & Network Security,Education,1590
Data Encryption Standard ( DES ),Education,1718
The Kaiser | Official Trailer,Film & Animation,112
I Convinced a Stranger to Rob a Bank,People & Blogs,1882
The Drift of a Lifetime,Autos & Vehicles,107
Digital Signature Scheme using RSA concept,Education,550
Challenge Response Authentication Method (and its problem),Education,336
Preety Good Privacy ( PGP ) 🔥,Education,703
Deep Dream (Google) - Computerphile,Education,823
The Deep Learning Architecture you Must Know | AlexNet Explained !,People & Blogs,904
CNN Architecture | LeNet -5 Architecture,Education,1200
StatQuest: PCA main ideas in only 5 minutes!!!,Education,365
StatQuest: PCA - Practical Tips,Education,500
RMSProp Explained in Detail with Animations | Optimizers in Deep Learning Part 5,Education,758
AdaGrad Explained in Detail with Animations | Optimizers in Deep Learning Part 4,Education,1589
Nesterov Accelerated Gradient (NAG) Explained in Detail | Animations | Optimizers in Deep Learning,Education,1670
"Deep Learning(CS7015): Lec 2.2 McCulloch Pitts Neuron, Thresholding Logic",People & Blogs,819
Lewis Hamilton vs Charles Leclerc Cutting Challenge 🍎,Sports,135
Introduction to Transformers | Transformers Part 1,Education,3605
Plant Protein LAUNCHED!!,Entertainment,106
"""How would you sum up 2023?""🥶",People & Blogs,19
#f1memes #f1 #formula1 #f1fans #memes  #charlesleclerc #f1news #sergioperez #landonorris #max,Sports,8
Get hyped for Formula 1 2026 season #f1 #formula1 #shorts #f12026 #f1edit #lewishamilton,Sports,20
Exposing 30+ companies in 18 minutes..,Entertainment,1048
who’s excited? #formula1 #f1 #f12026 #formulaone,People & Blogs,32
Ekaki Chapter 5 : The Conqueror | Ashish Chanchlani | ACV Studios,Comedy,4098
Don't Miss this Video If You're a CampusX Student | Biggest Update Yet | Huge Discounts | CampusX,Education,1697
What Makes You Beautiful,Music,200
Attention Mechanism in 1 video | Seq2Seq Networks | Encoder Decoder Architecture,Education,2484
"Formula 1 Cars, Explained with Max Verstappen",News & Politics,1420
I Trained AI to Predict Sports (again),Science & Technology,797
I Trained AI to Predict Sports,Science & Technology,680
The Epic History of Large Language Models (LLMs) | From LSTMs to ChatGPT | CampusX,Education,5226
Bidirectional RNN | BiLSTM | Bidirectional LSTM | Bidirectional GRU,Education,1541
Deep RNNs | Stacked RNNs | Stacked LSTMs | Stacked GRUs | CampusX,Education,2708
Gated Recurrent Unit | Deep Learning | GRU | CampusX,Education,5182
When Engineer thinks like Mathematicians 😎,Entertainment,113
"If You’re Ambitious but Lazy, Watch This Samurai Lesson (Kaizen Method to Success)",Education,409
this DOPAMINE based routine got me EASILY ADDICTED to studying,Education,609
Image Augmentation is AMAZING!,Science & Technology,59
Give Me 18 Minutes and I’ll Make you Dangerously Smart (with AI),People & Blogs,1137
OpenAI CLIP Explained: The Future of Vision-Language Models #ai #openai #embeddings #education,Education,91
Delhi style Aloo Chaat #shorts,Howto & Style,56
LSTM Architecture | Part 2 | The How? | CampusX,Education,4213
LSTM | Long Short Term Memory | Part 1 | The What? | CampusX,Education,2538
I turned a STEEL building into my DREAM shop,Entertainment,1489
How Backpropagation works in RNN | Backpropagation Through Time,Education,2038
Recurrent Neural Network | Forward Propagation | Architecture,Education,2504
Veg Thukpa Recipe | Monsoon Special Veg Noodle Soup | वेज थुक्पा | Chef Sanjyot Keer,People & Blogs,59
The Oscar for The Best Animated Feature Film (2002 - 2025)#Oscars #Pixar #Miyazaki #AnimatedFilm,Film & Animation,68
Why HR Rejects Your Resume | Qissa-e-Daftar Ep. 64,Education,160
Hairstyle tutorial ✨ #hairstyle #tutorial #hairstyletutorial #glowup #hairtransformation #shorts,People & Blogs,18
POV: Kids having an imaginary battle…😤 #theboys #viral #shorts #avatar,People & Blogs,59
Nukkad Naatak Official Trailer | Molshri | Shivang | Tanmaya Shekhar | Releasing 27th Feb in Cinemas,People & Blogs,129
Asking CarterPCs to Drop Test His iPhone,Science & Technology,25
My commencement speech at the LSE 🎓,Education,164
How to build the perfect calisthenics base #usa #viralvideo #motivation,Sports,20
Harvard Mindset to Never Procrastinate Again,Education,115
I Flew the Worst Route Across America,Entertainment,1266
Take better decisions by knowing this concept💲,Education,155
3 Fantasy Movies Beyond Imagination,Entertainment,58
Craziest VFX Ever Used in Movies 🤯 (Indian & Hollywood ❤️‍🔥),Entertainment,771
Nothing is out of reach  🌍 ANNOUNCEMENT ‼️,Education,109
50 Years Of Struggles : Indian Cricket Team🥹❤️🏆,People & Blogs,60
Times when life hits different 😴 #shorts #fypシ #nostalgia #relax #vibes #timeswhenlifehitsdifferent,Entertainment,18
4 Films So UNIQUE That Can't Be Copied🔥 (Movies For Every Cinephile),Entertainment,730
When they start getting dry.,People & Blogs,81
3 MindFu*king Movies on Netflix,Entertainment,55
HARVARD 852HZ Sound Study HACK,Education,12
September Revenue REVEALED | Office Tour | Major Price Reduction | September Monthly Board Meeting,Entertainment,393
13 ULTRA LAUGH COMEDY MOVIES,Entertainment,18
These Games Have TOO MANY Endings 😭,Gaming,68
Quick & easy chilli  garlic spaghetti recipe | Easy snacks recipe #pastarecipe  #ytviral #ytshort,People & Blogs,31
Spicy Chilli Garlic Noodles 😋,People & Blogs,35
3 Ultra Comedy Movies!,Entertainment,55
Avatar: Fire and Ash | New Trailer,Entertainment,156
Revenue revealed! 2nd Public Board Meeting.,Entertainment,104
Do NOT buy our protein!,Entertainment,76
The car tried to run him over!,People & Blogs,83
The ONLY 2 Exercises for Wider Biceps,Howto & Style,59
Every Calisthenics Exercise You Need To Build an Anime Physique (Starting from ZERO),Education,904
super addictive netflix documentaries!,Entertainment,43
Live for what today has to offer | Buddhism In English,Education,15
“Letting go”is not what you think | Buddhism In English,Education,436
5 Simple Steps to Stop Overthinking | Buddhism In English,Education,522
How To Control Your Mind | Buddhism In English,Education,588
The reason why your outfits are NOT 10/10 ( Even with good clothes ) 🤦🏻‍♂️ #shorts,Howto & Style,53
christmas gift ideas that guys actually want,Comedy,72
Perfect polo shirt tuck-in 👕 | Will instantly boost your confidence & style #luxuryfashion,Music,14
A Capsule Wardrobe with 15 items 🔥,Howto & Style,48
College colour combos! #fyp #fashion #ootd #outfits #college #genz #shorts #paiichuuu,People & Blogs,19
Should We Do an iPhone 17 Air Bend Test?,Science & Technology,26
"🚀 Get 75,000+ FREE APIs in One Website | News, Weather & More APIs for Developers 🔥",People & Blogs,51
in a true display of sportsmanship 19 team helps 23 after tire comes off 😍✊ #toyota,Autos & Vehicles,43
Host a Site for FREE on GitHub 🤯,Education,60
Create 3D mockup and animation in seconds #3d #3dmockup #animation,People & Blogs,19
Paneer Tikka Tacos #easy #trending #viralvideo #viralshorts #tacos #paneertikka #lunch #dinner#food,People & Blogs,24
Paper animator #editor #animation #productivity,People & Blogs,14
"Create page, visualizations and websites all in your browser #coding #programming #development",People & Blogs,17
How your TV ruins movies..,People & Blogs,65
Chat-GPT will sound like human 😅✅,Science & Technology,44
Empathy!🥺 @RawdustProductions #shortsindia #empathy #kindness,Entertainment,60
STRACCIATELLA CHIA PUDDING 🍫 #chiapudding #stracciatella,People & Blogs,12
solid action thriller movies!,Entertainment,56
I Visited 50 States in 50 Days - Day 44,Entertainment,2044
Testing a Watermelon Gatorade Recipe from TikTok! 🍉,People & Blogs,72
I Visited 50 States in 50 Days - Day 31,Entertainment,1222
Dangerous Cookie! | #LLAShorts 1249,Education,98
Build almost anything #webdevelopment #coding #productivity,People & Blogs,18
Stop taking notes! Let THIS AI tool do it for you!,Education,84
mindfcking time travel indian movie!,Entertainment,33
MOM vs DAD watching a movie 🍿 #VictoriaPfeifer,Comedy,20
I Visited 50 States in 50 Days - Day 17,Entertainment,1367
Aspirin's invention was for his dad 💊,Education,136
Higgsfield AI is pretty cool for vfx,Science & Technology,85
This AI tool could be your business mentor!!,Education,73
Japan Ke Sundar Desi Village 😍 #shorts,Travel & Events,83
Transform your web pages with our seamless background animation generator! #css #cssanimation #code,Education,15
Old is Gold Phone ! #shorts,Science & Technology,54
This AI tool can read 25 Million Words so you don't have to!,Education,90
Never walk alone in Saint Denis at night #rdr2 #gaming #funny #shorts,Gaming,54
Craziest Burger Experiment Ever!,People & Blogs,51
Top 5 Movies to watch on Netflix,Entertainment,58
3 underrated animated movies!,Entertainment,46
"Minecraft ACCIDENTALLY Created a Turing Complete Programming Language, Redstones! #minecraftdecoded",Gaming,67
never giving up movies,Entertainment,18
jake gyllenhaal movies you must watch!,Entertainment,36
perfect movies!,Entertainment,20
ultra comedy movies,Entertainment,41
Best dad ever? 🥺 Ep. 196 🪜,Education,177
I put nukes on the map of Slovakia #geography #flags #entertainment #countries #country,People & Blogs,17
AI 3D models are here - Generate Game Assets with Meshy AI's Magic #gamedev #aiingaming,Gaming,76
Doomsday Battleworld Revealed? Spiderman 4 is Shocking! - Roastverse 123,Entertainment,721
10 MASTERPIECE Movies,Entertainment,18
Rdr2 🤠💝,Gaming,25
I visited India’s Most Mysterious Trek | Roopkund – The Skeleton Lake,Film & Animation,1348
Minecraft Movie Grants A Final Wish To A Brave Boy,Entertainment,85
I Traveled To All 7 Continents With No Money - Ep 8,Travel & Events,1637
oscar worthy movies!,Entertainment,28
KESARI CHAPTER 2 - OFFICIAL TRAILER | Akshay Kumar | R. Madhavan | Ananya | Karan S Tyagi | 18 April,Film & Animation,183
KESARI CHAPTER 2 - OFFICIAL TEASER | Akshay Kumar | R. Madhavan | Ananya | Karan S Tyagi | 18 April,Film & Animation,99
Statement Coverage Technique | White Box Testing | Software Engineering,Education,444
Watch out at these RDR2 locations 🤯 #rdr2 #reddeadredemption2 #rdr2online #arthurmorgan #johnmarston,Gaming,68
SECRET Treasure Location In RDR2 Part 2 #shorts #funny #rdr2,Gaming,36
RARE Trinket Location In RDR2 #shorts #funny #reddeadredemption2,Gaming,24
🤑 SECRET Money Locations in RDR2 #shorts #reddeadredemtion2,Gaming,49
Watch these Movies Before You Die!,Entertainment,20
ultra comedy movies!,Entertainment,32
You are smarter 🧠 when calm 😌,Education,87
A Gaming PC Tip That You Probably Didn’t Know About,Gaming,29
If Your PC is Running Slow… Check This,Gaming,69
Stop using shoulder pads !! ❌,Entertainment,32
Simple Virgin Mojito for Summers,Howto & Style,19
"Earn $3,000 FAST in RDR2 Chapter 2 😱💎 Secrets Revealed! 💸🚀 #rdr2  #reddeadredemtion2",Gaming,54
Most Players Miss This Ancient Item In RDR2 #shorts #reddeadredemption2 #funny,Gaming,20
Hidden Gold Bars in Train Wreck RDR2,Gaming,41
Many Players Miss This Money Location In RDR2 #shorts #funny #reddeadredemption2,Gaming,22
Homemade Tomato Ketchup #shorts,Howto & Style,37
#nivetadhingramusic,Gaming,31
Old money colour combos | Brexo | #oldmoney #brexo #oldmoneyaesthetic #menfashion #outfitideas,Howto & Style,15
Quick & Healthy Moong Dal Ka Cheela | Veggies & Paneer | Quick Breakfast | Chef Sanjyot Keer,People & Blogs,90
EASY $2000 Location In RDR2 #rdr2 #reddeadredemption,Gaming,45
Paneer Tikka Sandwich | Quick & Easy Sandwich Recipe | Chef Sanjyot Keer #shorts,People & Blogs,88
5 LEGENDARY WEAPONS Location #rdr2 #gaming #funny #shorts,Gaming,31
3 LEGENDARY Gun Location In RDR2 #rdr2 #reddeadredemption,Gaming,53
3 SECRET Items Location In RDR2 #rdr2 #reddeadredemption,Gaming,49
A little misunderstanding! Ft. @rishabhhshukla,People & Blogs,88
Chilli Cheese Toast #Shorts,Howto & Style,59
Computer Christmas Party,Comedy,50
4 SECRET LOOT LOCATIONS IN NEW AUSTIN #rdr2 #gaming #funny #shorts,Gaming,39
2 SECRET ROBBERY LOCATIONS #rdr2 #gaming #funny #shorts,Gaming,39
4 Unique Secret Weapon Locations #rdr2 #gaming #funny #shorts,Gaming,39
4 RAREST HORSES LOCATIONS  #rdr2 #gaming #funny #shorts,Gaming,39
CREATIVE CLAYMATION WITH HYPERLAPSE #shorts,Entertainment,60
$3000 in 30 seconds (6 Gold Bars Location) #rdr2 #gaming #funny #shorts,Gaming,37
Green Garlic Crepe (Hare Lehsun ka Kulcha) #shorts,Howto & Style,42
4 LEGENDARY HORSES Location #rdr2 #gaming #funny #shorts,Gaming,39
10 MASTERPIECE MOVIES,Entertainment,28
Most Watched Netflix Show in 2025,Entertainment,44
How Elon built SPACE X and became the Richest Man on Earth?  @SpaceX,Education,1494
Reality of India's nuclear power (literally cried 😭😭),Education,952
Unexplored Villages of Ladakh’s Pangong Lake and Hanle | Merak Village and Hanle Observatory,Travel & Events,1212
White Desert of India | Rann of Kutch | Road to Heaven | Dholavira Village | Gujarat,Travel & Events,1357
Inside world's most crowded slum | Dharavi (heart-breaking experience 😭),Education,1146
Try Not to Laugh Challenge 918 🤣 #funny ⁠#shorts #viral,Comedy,49
No Maida No Oven Fluffy and Moist Whole Wheat Pizza Atta Pizza #YouTubeShorts #Pizza #Viral #Shorts,Howto & Style,60
Pizza with Homemade Pizza Dough in Detail #Shorts #Pizza,Howto & Style,60
This Pizza is Soo Tasty and Easy #Shorts #Pizza,Howto & Style,60
High Protein Mayonnaise | #highprotein #whatieatinaday #highproteinrecipes #minivlog #fitness,Education,19
Inside India’s TALLEST waste dump! (we were beaten 😨),Education,1200
Normal vs cinematic look #cinematography #filmmakingtips #filmmaking,Entertainment,13
PERFECT FILMS FOR LIFE (PART 1)😎,Entertainment,26
The Art of Cinematic Composition,Education,623
I crossed America with $0.01,Entertainment,16952
Bang Bang hookstep tutorial🪩🕺,People & Blogs,27
"If You Are 18 to 24, Please Watch This Video  | Harsh Reality of Startups",Education,60
It feels like this song was made for India. 🇮🇳 #indiahiddengems #nature #hiddengems #offbeat,People & Blogs,27
3 Hidden Samsung Features📳🤫 #s23 #techpachpera #shorts,Science & Technology,59
CONFRONTING A CHEAP MILLIONAIRE,Education,26
Spending Rs1000 on 5 Star Hotel vs 1 star Dhaba,People & Blogs,428
The Winner Will Shock You!,Science & Technology,58
When did we stop looking up…? #shortfilm,People & Blogs,23
How architecture has changed… #shortfilm,People & Blogs,32
Instant 5 mins Desi Coriander Kimchi #shorts,Howto & Style,25
Why do we itch??,People & Blogs,60
What are the floaties in your eye??,People & Blogs,60
What Does Space Smell Like?,Science & Technology,46
Windows Shortcuts You Didn't Know!,Science & Technology,59
This Chrome Extension is Super Cool!,Autos & Vehicles,22
How to make a business,Education,53
the truth behind lyrics 🤣,Music,28
Desi Grilled Cheese Toastie #shorts,Howto & Style,34
Private Jet Home of Indonesian Billionaires,Entertainment,50
Kashmiri Pandit's Cuisine...Shufta Recipe #Shorts,Howto & Style,60
HATE AGAINST INDIANS ON SOCIAL MEDIA FT DILJIT DOSANJH & ANDREW TATE!,Entertainment,766
HOW TO IMPROVE FOCUS 🧘,Education,60
Do you have nothing to show in you resume? Hack!,People & Blogs,47
The Hunt For a New Home,Science & Technology,53
How to Feel Less Lazy,Education,31
Free Google Storage For Free ✅ - Simple Method But Effective 🤯 | Fix Google Storage Full Problem,Science & Technology,60
Secret Gaming Bunker Inside Bedroom #shorts #interiordesign #bedroom,Howto & Style,60
"6 Years Later, Is Statue of Unity a Waste of Money?",Education,945
How I add more Apps to my favorites bar,Science & Technology,32
Weirdest Chocolate in the World 🍫,Howto & Style,59
"Pierre Poilievre EXPOSES the COST of Justin Trudeau’s CARBON TAX to SCHOOLS | September 25, 2024",News & Politics,41
"If you read only ONE book this year, this should be it. Check out the link in my bio for more.",Entertainment,15
MR BEAST PARODY 🤑 Ft. INDIAN CREATORS | CARRYMINATI,Comedy,1321
DO THESE to Build a BIGGER CHEST!,Sports,19
Are you aging well?,Education,20
Day 8/30 (नास्तिक से आस्तिक): एक सेब में कितने atoms! 🍎⚛️ #science #atoms #shorts,Education,60
Massive win! Nestle to stop sugar in Cerelac!,Education,60
I tried Every Cheat Code to get FREE Products!,Entertainment,734
Best biceps workout !! 😱😱,Entertainment,20
This 16 year old made an AI tool in just 3 hours,Education,48
The Untold Story Of Indian Space Research Organization | Space Documentary,Education,2040
अगर Ratan Tata ना होते तो Tata Group नहीं  होता । Biography of Ratan Tata । Case Study,Education,822
4 years ago… our first viral video 🎹Have you ever watched it? 🖐#urbantheory #tutting,Entertainment,16
An Ode To Ratan Tata.,Education,58
I tried Every Instant Way to Earn Money!,Entertainment,1130
How to do a 360° drone orbit using Point of Interest 🔄 DJI Mini 3 Pro 🎬 @kam_visions #tutorial,Film & Animation,15
"This isn't magic,These are real scientific mini-experiments. #shorts",People & Blogs,54
I attempted to get a half water photo … @insta360,Film & Animation,60
$100 in WORLD'S CHEAPEST COUNTRY Vs. MOST EXPENSIVE COUNTRY (Budget Challenge)!,People & Blogs,1089
RED ONE | Official Trailer 2,Entertainment,184
Reality of India’s DEADLY BURNING city!,Education,965
POV: you see a second of sun in the UK,People & Blogs,15
Lets talk about Indian chess players!,Education,50
DARK side of INSTAGRAM | Social media will destroy India | Abhi and Niyu,Education,624
No shuttles were harmed while making this video ☠️✨ #badminton #shuttlecock #couplegoals #funny,Travel & Events,16
कैसे बिना भागे मिलेगी Success? #shorts #success #successmindset #motivation #influencers,Education,56
2025 will be your year !! 🙏,Entertainment,8
That‘s soo #amazing 😱❄️,Entertainment,26
"Phir se ud chala.. Konkan kada, reverse waterfall #travel #travel #rockstar #konkani #trek #tranding",Entertainment,19
On Track To A World’s First,Sports,40
How I like to do lateral raises,Education,31
Best Way to do Low to High Cable Flyes Correctly (IMHO),Entertainment,61
This Professor’s Lesson Will Change How You View Time…🤯⏳,People & Blogs,60
Physics | Resonance visualised,Entertainment,18
Always Remember this one thing | Riyan Parag 💯🔥,People & Blogs,13
IT’S NOT YOUR FAULT,Education,43
Kolkata doctor case has SERIOUS problems | Abhi and Niyu,Education,745
Abs workout routine you can do anywhere anytime !! 😱,Entertainment,30
Why it’d be great to have Steve Harvey as your dad. #shorts,Entertainment,20
Send this to an artist… 🧑🏻‍🎨✨🎨 #artistomg,Entertainment,20
How One Sauce Changed Ching's?,News & Politics,60
Batman Is Creepy | Gabriel Iglesias,Comedy,58
Kolkata R@PE case,Education,47
"How I Make $100,000+ Per Week",Education,43
Sharma ji ki Shadi || Ep2,Entertainment,2581
A Clever Way to Motivate Yourself,Education,27
Strong core best abs routine !! 😱,Entertainment,17
Most People Don't Understand Sonic Booms,News & Politics,45
Biceps workout at home ! 😱,Entertainment,6
Time Perception Theory,Science & Technology,59
How to Start a Business,Education,31
Stay focus !! 😱,Entertainment,8
Homeworkout ✅ no gym ❌ #fitness #trending #shortvideo #workout #homworkout #trending,Sports,14
Cheese Garlic Bread No Oven Perfect Grilled #YouTubeShorts #Shorts #Viral #GarlicBread,Howto & Style,59
Malai Ki Sabji इतना टेस्टी की मुँह में पानी आ जाये,Howto & Style,60
5 Suits Every Man Needs 👔,Howto & Style,34
FASTEST Way to Become a Millionaire,Education,28
INFINITY,Science & Technology,56
5 Min Perfect Abs Workout (No Equipment Bodyweight Workout!),People & Blogs,21
3 Tweaks To Improve Your Squat Form At The Gym #workouttips,Howto & Style,8
3 Seated Row Variations,Howto & Style,8
Complete BIGGER Triceps Workout (DO THESE!),Sports,48
"Attention, high risk of hypnosis⚠️Urban Format ep.1 🎵@coronaolgadesouza & @rickymaranomusic",Entertainment,17
What I Want V/S What I Get,Comedy,21
Why does your funny bone hurt??,People & Blogs,60
"3 years ago we posted this video,today it’s our most viral video, 351 million times thank you guys🖤",Entertainment,13
2 lessons I learnt from this Business Legend!,Education,52
School Life is Not Memorable,Comedy,18
What School Kids Really Want,Comedy,17
Why everybody is right handed,People & Blogs,56
कैसे Social Media है आपका सबसे बड़ा Dushman? #rahulmalodia #socialmedia,Education,50
How a Poor boy became a Billionaire by selling bags? : Louis Vuitton Business case study,Education,1402
Antique design of Gold Ladies Lucky #bopal,People & Blogs,30
Desi Style Spaghetti Pasta Recipe For Kids Really Healthy #YouTubeShorts #Shorts #Viral #PastaRecipe,Howto & Style,60
"India can NEVER beat USA's economy, here's WHY | Abhi and Niyu",Education,893
Boy Tells Father His Dream #Shorts,Entertainment,18
Remove double chin !! 😱😱,Entertainment,14
We need to beat it 😳 #Shorts,Sports,10
Climbing to 18M Subscribers 🎉,Sports,32
Sound of Love @ChefMaxMariola,Howto & Style,59
NEET PAPER LEAK CONFIRM ! NTA SCAM !! Alakh sir in Supreme Court Now,Education,42
Cheesy Garlic Bread,Howto & Style,42
Childhood memories #khushaalpawaar #acting #relatable #bachpan  #money #comedyshorts,Music,42
How BJP’s Genius marketing strategy turned it into a political superpower in India? : Case study,Education,2225
Beware of These Apps on Your Smartphone !,Science & Technology,655
How Jaishankar made India powerful using India Middle east corridor? : Geopolitical Case Study,Education,1104
How MBAs failed Boeing ? : Business Case study,Education,1672
EP-2 - Choti Si Baat in TMKOC 😅 | #shorts | Shorts Break,Comedy,59
How Trees Secretly Talk 🌳🤔,Travel & Events,31
Normal People vs. Me,Film & Animation,41
Kids are Expensive #dadlife,Comedy,36
Mental health ☘️ - part 158. #corecore #mentalhealth #infinitecore,People & Blogs,59
2 Shades of Trips! #Shorts,Entertainment,19
Make friends according to your strength & mindset. #motivation #motivational #shorts #hardwork,People & Blogs,61
The Best Way To See The World?! 😮‍💨,Sports,48
Father Disciplines His Daughter,People & Blogs,50
How To Break A World Record 🏆,Sports,60
You’ve Never Seen A Race Like This 🚀,Sports,21
Happy Core ☘️ #corecore #mentalhealth #infinitecore,People & Blogs,60
Happy Core ☘️ #corecore #mentalhealth #infinitecore,People & Blogs,61
Not Your Average Workout Session 😅,Sports,56
Pune Porsche accident exposed India's corrupt system | Abhi and Niyu,Education,475
Sahara is not the largest desert?,Education,60
How I Used To Make My Own Swords As A Kid,People & Blogs,20
God is kind 🥺🍀  #logokuhe #love #faith #viral #trending #shortsindia #relatable #ganpati #kindness,People & Blogs,17
How It Felt From 2019 To 2023.,People & Blogs,17
Mr. Bean is gearing up for a mission...😨,Film & Animation,52
What’s gives fireworks their colors 🤔 #science #scienceexperiment #physics #chemistry #fireworks,Science & Technology,38
Can MODI’s GOLDEN TEAM hit the 10 Trillion dollars GDP dream for India? : Economic Case Study,Education,1428
Blinkit’s Genius Strategy that stunned Amazon | Business Case Study,Education,1687
What I saw in Kashmir with my FPV ? 🙈,People & Blogs,14
Kisi din ye tamasha muskurakar hum bhi dekhenge  | #latamangeshkar #rishisunak #trending #shortvideo,Entertainment,10
"Dear Dhruv Rathee, you are a BULLY.",Education,799
Hope Core 🌿 #corecore #hopecore #mentalhealth #infinitecore,People & Blogs,60
I Got Hit by CRETA! #LLAShorts 926,Education,60
#M005👱Iqbal ke kitne baal? 💇‍♂️ इक़बाल के कितने बाल? surface area volume | Geometry #maths #shorts,Education,60
Hope Core 🌿 #corecore #hopecore #mentalhealth #infinitecore,People & Blogs,60
💰 [REVEALED] YouTube income at 50 MILLION views per month!!,Education,1350
Hope Core 🌿 #corecore #hopecore #mentalhealth #infinitecore,People & Blogs,45
Americans ruin Desi food 24 😡,Comedy,55
Recursive Island 🏝️ and Recursive Counties 🤔,Entertainment,61
Americans ruin Desi food 42 😡,Comedy,59
Learn from the unexpected. 🧠 #billnye #science,Education,58
Marketing can make anyone a STAR ⭐️,Entertainment,60
"कैसे एक आम भारतीय ने बना दी ₹2,00,000 करोड़ की Company ? | DLF Business Case Study",Education,1328
Gigant pizza 🍕 (1.5 meters ),Film & Animation,58
Why is North up?? 🤔🌏 #shorts #india #maps #geography,People & Blogs,53
Minecraft: 40 Hours Long Japanese Temple Timelapse! | Tutorial | #builds #shorts #minecraft,Gaming,59
History of The Industrial Revolution | औद्योगिक क्रांति ONLY 15 minutes,Education,906
A World without Fossil Fuels | 5-Minute Videos,Education,355
Wakanda Forever 🖤🔥 #shorts,Sports,27
Foreigner respects Desi food 4 😍,Comedy,60
"Legendary Statement from Indian Navy - INDIAN OCEAN IS NAMED AFTER INDIA, WE MUST PROTECT IT",Education,57
Minecraft is stunning... 🤩,Gaming,27
Chocolate King Cobra! 🐍 The scales alone on this one took me 8 hours… 😅,Entertainment,61
The Shipping Box! 📦 Special delivery ready to ship! Who should I send it to? #amauryguichon,Entertainment,61
How was India formed?? 🇮🇳🤔 #shorts #india #geography,People & Blogs,60
Chocolate Safe! 💰 The little gold bars are too good… better keep them locked up.,Entertainment,61
Chocolate Cherries! 🍒 Making my favourite fruit taste like chocolate!#amauryguichon #chocolate,Entertainment,61
Chocolate Paintbrush! 🎨🖌️ Painting the world with chocolate! #amauryguichon #chocolate,Entertainment,61
Chocolate covered Strawberry! 🍓🍫 The perfect Valantine's day gift! #amauryguichon #ValentinesDay,Entertainment,61
Minecraft,Gaming,59
Forest Bridge | Tutorial | Timelapse build #cinematics #minecraft #build  #timelapse,Gaming,59
Longest Ski Jump World Record 🥶,Sports,25
Party Lights🎉 #shorts #minecraft #minecraftshorts,Gaming,61
Massive win! Lays India to stop Palm oil! 🔥🔥🔥,Education,58
Are You Leaving Room For Wonder? | Taylor Hughes,People & Blogs,59
I’ve built a 10‘000 Blocks Long Optical Illusions Roller Coaster in Minecraft! #timelapse #shorts,Gaming,60
Minecraft: Modern Cliff Building! #builds #minecraft #shorts,Gaming,40
Minecraft: My biggest 5 builds i‘ve build in 2023! | #builds #minecraft #shorts,Gaming,28
The Tiger | Tutorial | Timelapse build #cinematics #minecraft #build  #timelapse,Gaming,59
Circle Temple | Tutorial | Timelapse build #cinematics #minecraft #build  #timelapse,Gaming,59
THIS is What Happens Every Second on Earth.. 🌎 #shorts,Entertainment,45
Tallest Tower | Tutorial | Timelapse build,Gaming,59
"Dhruv Rathee ROAST: Graphs, Lies, Propaganda & Fans | राठी के झूठ, प्रपंच | Ajeet Bharti",News & Politics,2153
Kinder's shocking marketing tricks REVEALED!,Education,91
Do Women Need Men? Feminists vs. Men,News & Politics,60
Ella D Verma ❤️/ #lifestory #emotional #inspiration #trending #ytshorts #motivation #successstory,People & Blogs,60
Is Nutella Healthy or Not? Exposing the Sugar Content of Nutella #shorts,Education,40
5 foreign companies selling INFERIOR products in India,Education,60
SUGAR BOARD! This GENIUS idea can unjunk India! #food #sugar #health #Pepsi #coke,People & Blogs,60
How Different Game Characters Climb Up ⬆️,Sports,28
The magic chair | Rohit & Kanupriya #funny #comedy #couple #shorts #rohitandkanu,Entertainment,39
Too much knowledge. #Funny #comedy #couple #explore #shorts #marriage #gk,Entertainment,39
The Great Indian Food Stalls | Purav Jha,Entertainment,1360
JAVELIN THROW 2 ft. VLOGGER UNCLE,Film & Animation,646
Date With South Film Fan | Purav Jha,Entertainment,1163
Indian Weddings - HardToonz,Film & Animation,706
Sugar Daddy || Swagger Sharma,Entertainment,1743
COMPLEX NUMBERS | S-4 | DE MOIVRES | ENGINEERING FIRST YEAR | ENGINEERING  MATHS |SAURABH DAHIVADKAR,Education,1211
What Happens Every Second,Science & Technology,43
Strings In C: C Tutorial In Hindi #34,Education,1297
Baarish Ke Side Effects | Ashish Chanchlani,Comedy,774
Celebrities in Big Boss |Big Boss Parody | Harsh Beniwal,Comedy,2789
New bracelet 😂 #Shorts,Comedy,24
Funniest Memes I Found On The Internet pt. 2 #meme #viral,People & Blogs,50
Judges in reality shows #shorts #ytshorts #comedy #rishabhhshukla,Travel & Events,60
My friends suggesting movies #comedy #rishabhhshukla #funny,Travel & Events,74
When u get sand in ur shoe #shorts,Comedy,45
Worst childhood mistake #shorts #ytshorts #comedy #rishabhhshukla,Travel & Events,60
Literally on fire #shorts #ytshorts #comedy #rishabhhshukla,Travel & Events,61
Background singers ki kahaani #shorts #ytshorts #comedy #rishabhhshukla,Travel & Events,51
Badly dubbed  Tollywood songs #shorts #ytshorts #comedy #rishabhhshukla,Travel & Events,51
Taare Zameen Par Alternate Ending | Manish Kharage #shorts,Comedy,40
School Picnic | School Diaries 2.0 | Harsh Beniwal,Comedy,1789
THE BIGGEST MAFIA HOUSE ROBBERY | GTA 5 GAMEPLAY #152,Gaming,3764
DAILY VLOGGERS PARODY 😘 | CARRYMINATI,Comedy,811
This thief has an issue | Rohit & Kanupriya #funny #comedy #couple #thief #shorts #rohitandkanu,Entertainment,60
Every Indian College | Ft. Indian Hostels & Students,People & Blogs,581
FINALLY! Real History To Be Taught In Indian Schools By 2025,Education,696
Maine pi nai hai | The Woke Show,Education,1042
How Veer Savarkar SAVED India | Hidden History,Entertainment,1348
Hum Karke Dikhate Hain | Growth With Goodness Against All Odds | Adani Group,Nonprofits & Activism,100
If IPL teams were Humans 🏏 #IPL #Funcho,People & Blogs,60
"The Kerala Story : A Hate Propaganda, Explained.",People & Blogs,550
Python Tutorial for Beginners | Learn Python in 1.5 Hours,Education,4632
Europe's own KERALA STORY | The Red Files #27,Education,1017
College Shopping | What all things to buy for College,Education,797
WAIT IT 👀,People & Blogs,60
Class 1 Spoken English | Spoken English Course | Learn English | English Speaking Practice/Speak,Education,1855
Bad Indian Street Food - Gone HUGE!,Comedy,817
I bought every MacBook Ever.,Science & Technology,1621
Thank you for 1 million subs!!!,People & Blogs,59
BR Ambedkar On Muslims And Islam | The SHOCKING Untold Truth,Entertainment,1158
How Different People Hold a Baby.,Comedy,51
10 MILLION SUBS. Finally got my baby 🥹 #shorts,Comedy,60
Human Skee-Ball 🎯 vs @NickPro,Entertainment,55
Public restrooms be like 😂 #shorts,Comedy,60
"March 2023 Chemistry Paper Solution Live | 16th March, 2023 | Std 12 Science Stream",Education,2955
March 2023 ધોરણ 12 Physics | ભૌતિકવિજ્ઞાનનું વાવાઝોડું | Board Exam IMP MCQs,Education,3442
Last Day Motivational Speech To Get Best Result In Board Exam | March 2023 Board Exam,Education,2466
BOARD 2023 ની EXAM માં PHYSICS માં આટલું કરી દીધું તો PART B માં 45 + માર્ક પાક્કા.. GSEB/CBSE IMP,Education,252
जब Adani जैसी स्थिति में फंसे थे Dhirubhai Ambani | Dhirubhai Ambani Vs Bear Cartel | Rahul Malodia,Education,643
6 year old girl fighting cancer gets heartwarming dream come true #shorts,Education,60
The ANTI-GRAVITY Smartphone! 😳,Science & Technology,46
What happens when Two Neutron Stars collide? #space #universe #stars,Education,21
Chemistry Most IMP Question For March-2022 | Standard-12 Science Board Exam March-2022 Chemistry IMP,Education,994
Last 30 Days Master Plan To Get 99.99 PR | Main Different Between School & Board Exam | March 2025,Education,2109
$10 AirPods vs $200 AirPods!,Science & Technology,59
Is Time Travel Possible? | @Round2hell | Netflix India,Entertainment,1257
How India's masterstroke will make Rupee International? | Abhi and Niyu,Education,566
This photoshoot made it on a billboard in Times Square.. #shorts,People & Blogs,52
Air India Urination case - full story explained | Why Indian passengers misbahave on flights?,Education,467
Board Exam Topper #shorts  #reels #standupcomedy  #indianstandupcomedy,Comedy,42
"Indian Exams , Group Studies And Nightouts Ft. Childhood memories",People & Blogs,516
Know about the life History of PM Narendra Modi | Biography of Important leaders | UPSC GS,Education,940
"Beauty is in every skin tone, no matter dark or fair | Miss Matured | #shorts #missmatured #status",People & Blogs,50
"આલ્ડીહાઇડ, કીટોન અને કાર્બોસિલિક એસિડ | Aldehydes, Ketones in Gujarati | Class 12th/JEE/GUJCET",Education,16264
Why New Year Resolutions Fail?  | 2023 Motivation by Abhi and Niyu,Education,429
History of IPL || How IPL Started? || IPL History in Hindi || Rahul Malodia,Education,603
વિકલ સમીકરણો | Differential Equations in Gujarati | Class 12th/JEE/GUJCET,Education,15749
I bought the SECRET Samsung Phone!,Science & Technology,827
ZOMBIE - The Living Dead 2 | Round2hell | R2H,Entertainment,3527
"9,35,000 Employees को कैसे संभालता है TATA group? | Tata Case Study Episode 9 | Rahul Malodia",Education,1200
India vs Pakistan: The SPACE Race! | Vikram Sarabhai Story by Abhi and Niyu,Education,581
How Punjabis are being scammed,News & Politics,825
Why Telugu Movies Are LIKE THIS?,News & Politics,788
"આલ્કોહોલ ફિનોલ અને ઈથર સંયોજનો | Alcohol, Phenol and Ether Compounds in Gujarati | Class 12th/JEE",Education,15090
Ratan Tata Vs JRD Tata : किसने बनाया Tata Steel को Quality का किंग? | Tata Case Study Ep 7,Education,1026
MELTDOWN Over New National Emblem | But Why?,Entertainment,620
"Gujarat, Himachal & Delhi MCD Election MELTDOWNS + Full Analysis",Entertainment,875
TATA - The Real Heroes Of Our Country | Untold Story Of Tata | Rahul Malodia,Education,1095
Football is the new Flex 😂 #Funcho #Shorts,People & Blogs,55
Coolest marvel transition ever 🥶 Wait for it #shorts #marvel #transition,Music,40
Delhi University Admission Criteria #shorts,News & Politics,46
Why Are FATTER Men Better In BED?! 🤔😉 #shorts #viral #shortsvideo,People & Blogs,29
I bought the BIGGEST Tech in the world.,Science & Technology,1153
Earn ₹500-1000 Daily SCAM EXPOSED🔥🔥🔥,Science & Technology,494
10 Directors Who Made Appearances in Their Own Films,Entertainment,467
Dorado Learning | K12 Sample Content | Rutherford's nuclear model of atom part1,Education,188
Priyanka Chopra roasting nick Jonas for 53 seconds 😂,Entertainment,54
We Rollin Ft.Greatest Indian Revolutionary#bhagatsingh#subhashchandrabose#udhamsingh#indian#freedom,People & Blogs,30
How to Get YOUR VIEWER'S Attention...,Film & Animation,448
