,ExtracurricularActivities,ClubMemberships
0,Debate Club,"Music Club, Art Club, Sports Team, Debate Club, Coding Club"
1,Debate Club,"Art Club, Music Club, Sports Team, Coding Club"
2,Volunteer Group,"Music Club, Art Club, Debate Club, Volunteer Group, Coding Club, Sports Team"
3,Volunteer Group,"Sports Team, Volunteer Group"
4,Sports Team,"Sports Team, Volunteer Group, Music Club"
5,Debate Club,"Art Club, Coding Club, Volunteer Group"
6,Art Club,"Music Club, Debate Club, Sports Team"
7,Volunteer Group,"Debate Club, Art Club, Coding Club, Volunteer Group"
8,Sports Team,Music Club
9,Sports Team,"Coding Club, Volunteer Group, Music Club"
10,Sports Team,"Coding Club, Sports Team, Art Club"
11,Coding Club,"Sports Team, Debate Club"
12,Music Club,"Debate Club, Volunteer Group, Music Club, Art Club, Sports Team"
13,Sports Team,"Art Club, Debate Club, Music Club"
14,Music Club,"Sports Team, Coding Club, Music Club, Debate Club, Volunteer Group"
15,Debate Club,"Coding Club, Debate Club, Music Club, Sports Team, Art Club"
16,Music Club,"Volunteer Group, Debate Club, Art Club, Music Club"
17,Volunteer Group,"Volunteer Group, Sports Team, Art Club, Coding Club"
18,Coding Club,"Debate Club, Sports Team, Art Club, Coding Club"
19,Debate Club,Debate Club
20,Coding Club,"Art Club, Volunteer Group, Debate Club"
21,Sports Team,"Art Club, Music Club"
22,Volunteer Group,"Coding Club, Art Club"
23,Music Club,"Debate Club, Art Club, Coding Club, Music Club"
24,Coding Club,"Debate Club, Sports Team, Music Club, Coding Club, Art Club"
25,Debate Club,"Sports Team, Art Club, Music Club, Debate Club"
26,Sports Team,"Sports Team, Volunteer Group, Debate Club, Art Club, Coding Club, Music Club"
27,Volunteer Group,Sports Team
28,Art Club,Music Club
29,Music Club,"Debate Club, Art Club, Music Club, Coding Club, Volunteer Group"
30,Debate Club,"Art Club, Sports Team, Volunteer Group, Coding Club, Music Club, Debate Club"
31,Volunteer Group,"Debate Club, Coding Club, Art Club, Music Club"
32,Debate Club,"Coding Club, Sports Team, Art Club, Music Club"
33,Volunteer Group,"Debate Club, Volunteer Group, Sports Team, Coding Club, Art Club, Music Club"
34,Art Club,Volunteer Group
35,Music Club,"Art Club, Debate Club"
36,Sports Team,Art Club
37,Volunteer Group,"Coding Club, Music Club, Volunteer Group, Sports Team, Art Club, Debate Club"
38,Sports Team,"Debate Club, Art Club"
39,Coding Club,"Coding Club, Music Club"
40,Music Club,"Coding Club, Music Club, Art Club, Volunteer Group, Sports Team, Debate Club"
41,Art Club,"Music Club, Debate Club, Volunteer Group"
42,Sports Team,"Art Club, Debate Club, Volunteer Group, Sports Team"
43,Volunteer Group,"Coding Club, Sports Team"
44,Sports Team,Coding Club
45,Sports Team,Art Club
46,Sports Team,Sports Team
47,Music Club,"Sports Team, Art Club"
48,Music Club,Music Club
49,Sports Team,"Art Club, Coding Club, Volunteer Group, Music Club, Sports Team"
50,Debate Club,"Music Club, Debate Club, Sports Team, Volunteer Group"
51,Sports Team,"Sports Team, Music Club, Volunteer Group, Debate Club, Coding Club"
52,Sports Team,"Volunteer Group, Sports Team, Coding Club"
53,Sports Team,"Coding Club, Sports Team, Volunteer Group"
54,Music Club,"Music Club, Debate Club, Volunteer Group"
55,Music Club,"Art Club, Debate Club, Sports Team, Music Club, Volunteer Group"
56,Sports Team,"Sports Team, Music Club, Volunteer Group, Debate Club, Art Club, Coding Club"
57,Volunteer Group,"Debate Club, Art Club, Coding Club, Volunteer Group, Music Club"
58,Art Club,Art Club
59,Sports Team,"Music Club, Volunteer Group, Coding Club, Art Club"
60,Sports Team,Coding Club
61,Volunteer Group,"Debate Club, Coding Club, Art Club, Volunteer Group, Sports Team"
62,Sports Team,"Sports Team, Debate Club, Volunteer Group, Music Club, Coding Club"
63,Debate Club,"Art Club, Coding Club"
64,Music Club,"Music Club, Volunteer Group, Sports Team, Art Club, Debate Club, Coding Club"
65,Debate Club,"Volunteer Group, Music Club, Art Club, Sports Team, Debate Club, Coding Club"
66,Coding Club,"Music Club, Art Club"
67,Art Club,"Music Club, Sports Team"
68,Coding Club,Art Club
69,Music Club,"Debate Club, Music Club, Coding Club, Art Club, Sports Team"
70,Volunteer Group,"Music Club, Debate Club, Art Club"
71,Volunteer Group,"Sports Team, Debate Club, Volunteer Group"
72,Coding Club,Volunteer Group
73,Volunteer Group,"Volunteer Group, Music Club, Sports Team, Art Club, Coding Club, Debate Club"
74,Music Club,"Debate Club, Volunteer Group, Coding Club, Music Club, Sports Team, Art Club"
75,Debate Club,Art Club
76,Debate Club,"Debate Club, Music Club, Sports Team"
77,Debate Club,"Art Club, Coding Club, Music Club, Volunteer Group, Sports Team, Debate Club"
78,Volunteer Group,"Sports Team, Music Club, Coding Club"
79,Sports Team,"Debate Club, Volunteer Group, Coding Club, Art Club"
80,Volunteer Group,"Debate Club, Sports Team, Volunteer Group, Music Club"
81,Art Club,"Coding Club, Sports Team, Debate Club, Volunteer Group, Music Club, Art Club"
82,Art Club,"Sports Team, Debate Club, Volunteer Group, Coding Club"
83,Debate Club,"Sports Team, Art Club, Volunteer Group, Music Club, Coding Club"
84,Coding Club,"Volunteer Group, Music Club, Coding Club, Debate Club"
85,Debate Club,"Debate Club, Volunteer Group, Music Club"
86,Art Club,"Sports Team, Art Club, Debate Club, Volunteer Group"
87,Art Club,"Coding Club, Art Club, Sports Team"
88,Art Club,"Music Club, Volunteer Group, Debate Club, Sports Team"
89,Music Club,"Sports Team, Coding Club"
90,Volunteer Group,Coding Club
91,Music Club,"Coding Club, Sports Team, Art Club, Volunteer Group, Music Club"
92,Art Club,"Art Club, Music Club, Debate Club, Coding Club, Sports Team, Volunteer Group"
93,Sports Team,Sports Team
94,Volunteer Group,Art Club
95,Art Club,"Debate Club, Volunteer Group, Sports Team, Coding Club"
96,Music Club,"Art Club, Volunteer Group, Sports Team, Debate Club"
97,Coding Club,Volunteer Group
98,Debate Club,Music Club
99,Music Club,"Art Club, Volunteer Group, Sports Team, Music Club, Debate Club, Coding Club"
100,Coding Club,"Sports Team, Art Club, Debate Club, Music Club"
101,Music Club,"Sports Team, Debate Club, Coding Club"
102,Debate Club,"Sports Team, Debate Club, Volunteer Group"
103,Debate Club,"Art Club, Debate Club"
104,Coding Club,"Sports Team, Music Club"
105,Volunteer Group,"Art Club, Debate Club, Coding Club, Music Club, Volunteer Group"
106,Coding Club,"Volunteer Group, Art Club, Coding Club, Sports Team, Debate Club"
107,Music Club,"Volunteer Group, Art Club, Music Club, Sports Team, Coding Club, Debate Club"
108,Volunteer Group,"Art Club, Coding Club, Volunteer Group, Music Club"
109,Debate Club,"Music Club, Sports Team"
110,Music Club,"Debate Club, Music Club, Art Club"
111,Debate Club,"Sports Team, Debate Club, Volunteer Group, Art Club, Coding Club, Music Club"
112,Volunteer Group,Coding Club
113,Debate Club,"Art Club, Debate Club, Coding Club, Music Club"
114,Coding Club,Volunteer Group
115,Coding Club,"Art Club, Volunteer Group, Coding Club"
116,Sports Team,Volunteer Group
117,Volunteer Group,"Coding Club, Debate Club"
118,Sports Team,"Debate Club, Coding Club, Art Club, Volunteer Group, Sports Team, Music Club"
119,Volunteer Group,"Volunteer Group, Sports Team, Coding Club, Art Club, Music Club, Debate Club"
120,Art Club,"Debate Club, Sports Team, Music Club, Volunteer Group, Coding Club"
121,Debate Club,"Debate Club, Sports Team, Music Club, Art Club, Coding Club, Volunteer Group"
122,Debate Club,"Art Club, Debate Club"
123,Debate Club,"Music Club, Debate Club, Sports Team, Art Club, Volunteer Group"
124,Music Club,"Debate Club, Music Club, Art Club, Coding Club, Volunteer Group"
125,Volunteer Group,"Debate Club, Volunteer Group"
126,Volunteer Group,"Art Club, Music Club, Debate Club"
127,Debate Club,"Coding Club, Art Club, Music Club, Debate Club, Volunteer Group"
128,Debate Club,"Coding Club, Sports Team, Debate Club, Music Club"
129,Art Club,Volunteer Group
130,Music Club,"Volunteer Group, Sports Team, Debate Club, Music Club, Coding Club"
131,Sports Team,"Volunteer Group, Art Club, Debate Club, Music Club, Sports Team, Coding Club"
132,Debate Club,Volunteer Group
133,Volunteer Group,"Music Club, Art Club, Volunteer Group, Debate Club, Coding Club, Sports Team"
134,Music Club,"Music Club, Volunteer Group, Debate Club, Sports Team"
135,Debate Club,"Art Club, Music Club"
136,Volunteer Group,"Art Club, Sports Team"
137,Sports Team,"Debate Club, Sports Team, Coding Club, Art Club, Music Club"
138,Volunteer Group,"Debate Club, Music Club, Volunteer Group, Sports Team"
139,Debate Club,"Debate Club, Art Club, Sports Team"
140,Coding Club,"Sports Team, Art Club, Debate Club, Coding Club"
141,Art Club,"Debate Club, Art Club, Volunteer Group, Music Club"
142,Art Club,Sports Team
143,Art Club,"Sports Team, Music Club, Debate Club, Coding Club"
144,Art Club,"Music Club, Art Club, Volunteer Group"
145,Sports Team,"Music Club, Volunteer Group, Coding Club, Art Club, Sports Team, Debate Club"
146,Sports Team,"Coding Club, Music Club"
147,Music Club,"Debate Club, Music Club"
148,Sports Team,"Music Club, Volunteer Group, Coding Club, Art Club, Sports Team"
149,Coding Club,"Sports Team, Coding Club, Debate Club, Art Club"
150,Volunteer Group,"Sports Team, Music Club, Volunteer Group, Art Club, Debate Club, Coding Club"
151,Coding Club,"Debate Club, Music Club, Art Club, Sports Team, Volunteer Group"
152,Sports Team,"Debate Club, Art Club, Sports Team, Volunteer Group, Music Club, Coding Club"
153,Art Club,"Volunteer Group, Debate Club"
154,Coding Club,"Sports Team, Coding Club"
155,Debate Club,"Debate Club, Volunteer Group, Sports Team"
156,Art Club,"Music Club, Debate Club"
157,Volunteer Group,"Art Club, Debate Club, Volunteer Group"
158,Sports Team,"Art Club, Volunteer Group, Music Club, Sports Team, Coding Club, Debate Club"
159,Sports Team,"Coding Club, Art Club, Sports Team, Volunteer Group, Debate Club"
160,Sports Team,Volunteer Group
161,Volunteer Group,"Volunteer Group, Coding Club, Art Club, Sports Team, Debate Club, Music Club"
162,Volunteer Group,"Sports Team, Art Club"
163,Art Club,"Sports Team, Debate Club, Music Club"
164,Music Club,Art Club
165,Sports Team,"Music Club, Art Club, Coding Club, Volunteer Group, Sports Team, Debate Club"
166,Music Club,Sports Team
167,Debate Club,Volunteer Group
168,Art Club,"Coding Club, Sports Team, Music Club, Debate Club"
169,Coding Club,"Sports Team, Volunteer Group, Art Club, Coding Club, Music Club, Debate Club"
170,Debate Club,Music Club
171,Debate Club,"Debate Club, Music Club, Coding Club, Volunteer Group, Art Club, Sports Team"
172,Debate Club,"Coding Club, Music Club, Debate Club, Sports Team"
173,Coding Club,Volunteer Group
174,Sports Team,"Coding Club, Volunteer Group"
175,Art Club,"Sports Team, Coding Club"
176,Debate Club,Volunteer Group
177,Volunteer Group,"Sports Team, Volunteer Group, Music Club, Coding Club, Art Club"
178,Debate Club,"Debate Club, Coding Club, Sports Team, Art Club, Music Club, Volunteer Group"
179,Art Club,"Music Club, Sports Team, Coding Club, Debate Club, Art Club"
180,Volunteer Group,Art Club
181,Art Club,"Sports Team, Music Club"
182,Volunteer Group,"Volunteer Group, Art Club, Music Club"
183,Volunteer Group,"Volunteer Group, Art Club, Coding Club, Debate Club"
184,Music Club,"Volunteer Group, Art Club, Sports Team"
185,Coding Club,Art Club
186,Music Club,"Art Club, Coding Club"
187,Music Club,"Art Club, Debate Club, Volunteer Group"
188,Coding Club,"Sports Team, Art Club"
189,Volunteer Group,"Coding Club, Debate Club, Volunteer Group, Sports Team, Art Club"
190,Volunteer Group,"Sports Team, Volunteer Group"
191,Coding Club,"Sports Team, Art Club, Debate Club, Volunteer Group, Music Club"
192,Art Club,Volunteer Group
193,Coding Club,"Volunteer Group, Coding Club, Debate Club, Music Club, Art Club"
194,Volunteer Group,"Music Club, Debate Club, Coding Club, Art Club, Volunteer Group, Sports Team"
195,Sports Team,"Music Club, Art Club"
196,Volunteer Group,"Debate Club, Music Club, Coding Club, Sports Team, Volunteer Group"
197,Sports Team,Music Club
198,Music Club,"Sports Team, Art Club, Volunteer Group, Coding Club, Debate Club"
199,Music Club,"Volunteer Group, Coding Club"
200,Volunteer Group,"Music Club, Sports Team, Volunteer Group"
201,Music Club,"Sports Team, Coding Club, Debate Club, Art Club"
202,Music Club,"Volunteer Group, Art Club, Sports Team, Debate Club"
203,Debate Club,"Volunteer Group, Sports Team, Music Club, Art Club"
204,Debate Club,Coding Club
205,Sports Team,"Sports Team, Art Club, Music Club"
206,Art Club,"Volunteer Group, Sports Team, Art Club, Coding Club, Debate Club"
207,Volunteer Group,"Volunteer Group, Coding Club"
208,Art Club,Sports Team
209,Music Club,"Volunteer Group, Art Club, Coding Club, Sports Team"
210,Music Club,Debate Club
211,Coding Club,"Volunteer Group, Debate Club, Sports Team, Music Club, Art Club, Coding Club"
212,Sports Team,"Debate Club, Sports Team, Art Club"
213,Volunteer Group,"Art Club, Music Club, Sports Team"
214,Art Club,Music Club
215,Volunteer Group,"Debate Club, Sports Team, Volunteer Group, Coding Club"
216,Debate Club,Debate Club
217,Coding Club,Art Club
218,Art Club,"Music Club, Debate Club, Coding Club"
219,Art Club,"Sports Team, Volunteer Group"
220,Debate Club,"Music Club, Coding Club, Sports Team"
221,Volunteer Group,"Coding Club, Debate Club, Music Club, Volunteer Group, Art Club"
222,Volunteer Group,Music Club
223,Coding Club,Music Club
224,Sports Team,"Art Club, Debate Club"
225,Volunteer Group,"Music Club, Art Club, Debate Club, Coding Club, Sports Team, Volunteer Group"
226,Coding Club,"Art Club, Volunteer Group, Debate Club, Sports Team, Coding Club"
227,Volunteer Group,"Debate Club, Coding Club"
228,Sports Team,"Coding Club, Music Club"
229,Coding Club,"Volunteer Group, Art Club, Coding Club, Debate Club, Sports Team, Music Club"
230,Music Club,"Music Club, Art Club, Volunteer Group"
231,Music Club,"Sports Team, Coding Club"
232,Coding Club,"Music Club, Sports Team, Art Club, Coding Club, Volunteer Group"
233,Volunteer Group,"Debate Club, Art Club, Music Club, Coding Club, Sports Team, Volunteer Group"
234,Music Club,"Music Club, Art Club, Sports Team, Debate Club"
235,Debate Club,Volunteer Group
236,Coding Club,"Art Club, Volunteer Group"
237,Music Club,"Volunteer Group, Music Club, Art Club, Sports Team, Debate Club, Coding Club"
238,Music Club,"Music Club, Sports Team, Art Club"
239,Music Club,"Sports Team, Volunteer Group, Coding Club, Debate Club, Art Club, Music Club"
240,Volunteer Group,"Sports Team, Volunteer Group, Debate Club, Music Club, Coding Club, Art Club"
241,Music Club,"Volunteer Group, Sports Team, Music Club, Debate Club, Art Club"
242,Art Club,Art Club
243,Music Club,Debate Club
244,Sports Team,"Coding Club, Music Club, Debate Club, Volunteer Group"
245,Debate Club,"Volunteer Group, Coding Club, Debate Club, Art Club, Sports Team, Music Club"
246,Coding Club,Music Club
247,Music Club,"Sports Team, Music Club, Volunteer Group, Art Club, Debate Club"
248,Volunteer Group,"Debate Club, Volunteer Group, Coding Club, Sports Team, Music Club, Art Club"
249,Coding Club,"Volunteer Group, Coding Club, Art Club, Sports Team, Debate Club"
250,Volunteer Group,"Coding Club, Volunteer Group, Debate Club, Sports Team, Music Club, Art Club"
251,Art Club,"Music Club, Volunteer Group, Art Club, Sports Team, Debate Club, Coding Club"
252,Art Club,"Art Club, Coding Club, Music Club, Debate Club, Sports Team"
253,Debate Club,"Coding Club, Art Club, Debate Club, Sports Team, Music Club, Volunteer Group"
254,Debate Club,"Debate Club, Music Club, Volunteer Group"
255,Music Club,"Coding Club, Volunteer Group, Sports Team, Music Club, Debate Club, Art Club"
256,Art Club,"Coding Club, Art Club, Sports Team, Debate Club, Music Club"
257,Music Club,"Music Club, Art Club, Debate Club, Sports Team, Volunteer Group, Coding Club"
258,Debate Club,"Music Club, Sports Team, Debate Club, Coding Club"
259,Volunteer Group,"Music Club, Sports Team, Coding Club"
260,Volunteer Group,Debate Club
261,Coding Club,"Music Club, Sports Team, Coding Club, Art Club"
262,Coding Club,Music Club
263,Sports Team,Sports Team
264,Music Club,"Debate Club, Art Club, Volunteer Group, Sports Team"
265,Coding Club,"Debate Club, Music Club, Art Club, Coding Club, Sports Team, Volunteer Group"
266,Debate Club,"Art Club, Sports Team, Debate Club, Coding Club"
267,Music Club,"Art Club, Music Club, Coding Club, Volunteer Group, Sports Team, Debate Club"
268,Debate Club,"Art Club, Coding Club, Volunteer Group, Debate Club, Music Club"
269,Music Club,"Coding Club, Volunteer Group"
270,Coding Club,"Debate Club, Coding Club, Sports Team, Music Club, Volunteer Group"
271,Volunteer Group,"Coding Club, Sports Team, Music Club, Debate Club"
272,Art Club,"Sports Team, Music Club, Art Club, Debate Club, Coding Club"
273,Art Club,"Sports Team, Volunteer Group"
274,Art Club,"Volunteer Group, Music Club, Sports Team"
275,Volunteer Group,"Volunteer Group, Debate Club, Coding Club, Sports Team, Music Club"
276,Music Club,"Volunteer Group, Coding Club, Debate Club"
277,Debate Club,"Volunteer Group, Art Club, Coding Club, Sports Team, Music Club"
278,Music Club,"Sports Team, Art Club"
279,Volunteer Group,Volunteer Group
280,Volunteer Group,"Sports Team, Coding Club, Debate Club, Volunteer Group, Music Club"
281,Art Club,"Volunteer Group, Sports Team, Music Club, Debate Club, Art Club, Coding Club"
282,Volunteer Group,"Music Club, Debate Club, Art Club, Coding Club"
283,Art Club,"Music Club, Volunteer Group, Coding Club, Art Club"
284,Art Club,"Coding Club, Music Club, Sports Team, Volunteer Group, Art Club"
285,Music Club,"Sports Team, Music Club, Debate Club, Art Club"
286,Art Club,"Sports Team, Music Club, Coding Club"
287,Music Club,"Sports Team, Art Club, Volunteer Group"
288,Art Club,"Volunteer Group, Debate Club"
289,Volunteer Group,"Coding Club, Music Club, Volunteer Group, Sports Team, Art Club, Debate Club"
290,Debate Club,"Debate Club, Art Club"
291,Music Club,"Music Club, Debate Club"
292,Volunteer Group,"Volunteer Group, Debate Club, Art Club"
293,Art Club,"Art Club, Volunteer Group, Music Club"
294,Art Club,"Debate Club, Coding Club, Volunteer Group, Sports Team, Art Club, Music Club"
295,Debate Club,"Art Club, Volunteer Group, Debate Club, Coding Club"
296,Debate Club,"Volunteer Group, Art Club"
297,Music Club,"Debate Club, Music Club, Coding Club, Volunteer Group, Sports Team"
298,Art Club,"Music Club, Volunteer Group, Debate Club, Coding Club, Art Club"
299,Debate Club,"Debate Club, Art Club, Sports Team, Music Club, Volunteer Group"
300,Music Club,"Art Club, Sports Team, Music Club, Coding Club"
301,Debate Club,Music Club
302,Music Club,Debate Club
303,Music Club,"Music Club, Coding Club, Art Club"
304,Art Club,"Volunteer Group, Music Club, Art Club, Sports Team, Debate Club"
305,Music Club,"Debate Club, Volunteer Group, Coding Club, Music Club, Art Club, Sports Team"
306,Coding Club,"Coding Club, Volunteer Group, Debate Club, Music Club, Sports Team"
307,Music Club,"Debate Club, Music Club"
308,Volunteer Group,"Music Club, Sports Team, Volunteer Group, Debate Club, Coding Club, Art Club"
309,Sports Team,"Volunteer Group, Debate Club, Music Club, Sports Team"
310,Sports Team,"Art Club, Coding Club, Debate Club, Sports Team"
311,Volunteer Group,"Debate Club, Volunteer Group, Music Club, Sports Team, Coding Club, Art Club"
312,Music Club,Art Club
313,Art Club,"Volunteer Group, Art Club"
314,Art Club,Sports Team
315,Music Club,"Sports Team, Volunteer Group, Art Club"
316,Sports Team,"Music Club, Debate Club, Volunteer Group, Art Club, Coding Club"
317,Debate Club,Coding Club
318,Music Club,"Coding Club, Art Club, Music Club"
319,Music Club,"Volunteer Group, Sports Team, Art Club"
320,Sports Team,"Art Club, Volunteer Group, Sports Team, Debate Club, Music Club, Coding Club"
321,Debate Club,"Music Club, Art Club, Debate Club, Sports Team, Coding Club, Volunteer Group"
322,Coding Club,"Art Club, Volunteer Group, Sports Team, Coding Club, Debate Club"
323,Coding Club,Volunteer Group
324,Debate Club,"Music Club, Volunteer Group, Debate Club, Sports Team, Art Club"
325,Music Club,Coding Club
326,Debate Club,Volunteer Group
327,Volunteer Group,"Music Club, Coding Club, Volunteer Group, Debate Club, Sports Team"
328,Coding Club,"Volunteer Group, Art Club"
329,Art Club,"Coding Club, Debate Club, Volunteer Group, Art Club, Music Club, Sports Team"
330,Music Club,"Music Club, Art Club, Sports Team"
331,Music Club,"Music Club, Debate Club, Sports Team, Art Club, Coding Club"
332,Art Club,"Coding Club, Volunteer Group"
333,Sports Team,"Sports Team, Coding Club, Art Club, Volunteer Group, Debate Club"
334,Coding Club,Debate Club
335,Volunteer Group,"Coding Club, Volunteer Group, Art Club, Music Club, Debate Club, Sports Team"
336,Music Club,"Volunteer Group, Art Club, Music Club"
337,Debate Club,"Music Club, Coding Club, Debate Club, Sports Team, Volunteer Group"
338,Music Club,"Music Club, Sports Team, Volunteer Group, Coding Club, Debate Club"
339,Coding Club,"Volunteer Group, Debate Club, Sports Team, Coding Club, Art Club, Music Club"
340,Music Club,"Sports Team, Art Club, Music Club, Debate Club"
341,Art Club,"Coding Club, Sports Team, Debate Club"
342,Coding Club,Music Club
343,Sports Team,"Debate Club, Art Club, Music Club, Volunteer Group"
344,Music Club,Coding Club
345,Coding Club,"Sports Team, Debate Club, Music Club"
346,Sports Team,"Music Club, Debate Club, Art Club"
347,Debate Club,Volunteer Group
348,Art Club,"Debate Club, Art Club, Coding Club, Volunteer Group"
349,Art Club,"Music Club, Volunteer Group, Coding Club, Sports Team, Debate Club"
350,Debate Club,"Music Club, Volunteer Group"
351,Volunteer Group,"Debate Club, Coding Club, Sports Team, Volunteer Group"
352,Sports Team,"Volunteer Group, Debate Club, Sports Team, Coding Club, Art Club"
353,Art Club,"Coding Club, Music Club, Volunteer Group, Art Club, Sports Team"
354,Coding Club,Sports Team
355,Music Club,Art Club
356,Coding Club,"Debate Club, Music Club, Sports Team, Art Club, Volunteer Group"
357,Coding Club,Art Club
358,Sports Team,"Sports Team, Art Club, Debate Club, Volunteer Group, Music Club"
359,Coding Club,"Art Club, Debate Club, Coding Club, Volunteer Group"
360,Music Club,Coding Club
361,Coding Club,"Debate Club, Art Club, Coding Club, Volunteer Group, Sports Team, Music Club"
362,Volunteer Group,"Music Club, Volunteer Group, Sports Team"
363,Debate Club,"Art Club, Music Club, Coding Club"
364,Volunteer Group,"Debate Club, Coding Club, Music Club, Art Club, Sports Team, Volunteer Group"
365,Music Club,"Volunteer Group, Debate Club, Music Club, Art Club, Sports Team, Coding Club"
366,Volunteer Group,Sports Team
367,Music Club,"Sports Team, Coding Club, Art Club, Debate Club, Music Club, Volunteer Group"
368,Art Club,"Music Club, Coding Club, Debate Club, Sports Team, Volunteer Group"
369,Volunteer Group,"Volunteer Group, Sports Team, Debate Club, Music Club"
370,Coding Club,Sports Team
371,Debate Club,"Volunteer Group, Coding Club, Music Club, Sports Team, Art Club"
372,Sports Team,"Music Club, Volunteer Group, Sports Team, Debate Club"
373,Music Club,"Volunteer Group, Coding Club, Music Club, Debate Club, Art Club, Sports Team"
374,Sports Team,Debate Club
375,Music Club,"Music Club, Debate Club, Volunteer Group, Coding Club, Sports Team"
376,Coding Club,"Music Club, Volunteer Group, Sports Team"
377,Coding Club,"Coding Club, Volunteer Group, Debate Club, Music Club, Sports Team, Art Club"
378,Volunteer Group,"Sports Team, Volunteer Group"
379,Coding Club,"Music Club, Volunteer Group"
380,Sports Team,Coding Club
381,Music Club,"Debate Club, Volunteer Group, Art Club"
382,Debate Club,"Art Club, Coding Club, Music Club, Volunteer Group, Sports Team, Debate Club"
383,Debate Club,"Sports Team, Volunteer Group, Music Club"
384,Volunteer Group,Coding Club
385,Music Club,"Sports Team, Volunteer Group"
386,Sports Team,"Music Club, Volunteer Group"
387,Sports Team,"Music Club, Debate Club, Sports Team"
388,Art Club,"Music Club, Art Club"
389,Debate Club,"Volunteer Group, Music Club"
390,Music Club,"Sports Team, Music Club"
391,Debate Club,"Art Club, Debate Club, Music Club, Sports Team"
392,Music Club,"Music Club, Debate Club, Volunteer Group"
393,Art Club,"Volunteer Group, Music Club, Coding Club, Debate Club"
394,Music Club,"Volunteer Group, Music Club, Coding Club, Sports Team, Debate Club"
395,Art Club,"Sports Team, Music Club, Debate Club, Art Club, Coding Club"
396,Sports Team,"Volunteer Group, Coding Club, Sports Team, Debate Club, Music Club, Art Club"
397,Music Club,"Art Club, Coding Club, Debate Club"
398,Debate Club,Volunteer Group
399,Music Club,"Volunteer Group, Coding Club, Art Club"
400,Sports Team,"Music Club, Volunteer Group, Art Club, Coding Club, Debate Club, Sports Team"
401,Volunteer Group,"Coding Club, Art Club, Music Club"
402,Coding Club,"Coding Club, Music Club, Debate Club, Art Club"
403,Debate Club,"Debate Club, Sports Team, Volunteer Group, Coding Club, Music Club"
404,Coding Club,"Coding Club, Music Club, Art Club, Debate Club"
405,Music Club,Debate Club
406,Sports Team,"Sports Team, Coding Club, Debate Club, Volunteer Group, Music Club, Art Club"
407,Sports Team,"Sports Team, Art Club, Volunteer Group, Coding Club"
408,Music Club,"Music Club, Debate Club, Art Club, Volunteer Group, Coding Club"
409,Coding Club,"Music Club, Coding Club, Sports Team, Volunteer Group, Art Club"
410,Debate Club,"Volunteer Group, Art Club"
411,Music Club,"Music Club, Art Club, Coding Club"
412,Music Club,"Debate Club, Music Club, Volunteer Group"
413,Debate Club,"Sports Team, Debate Club, Music Club"
414,Volunteer Group,Coding Club
415,Art Club,"Debate Club, Music Club, Sports Team, Art Club, Volunteer Group"
416,Music Club,"Sports Team, Debate Club, Volunteer Group, Music Club"
417,Coding Club,"Debate Club, Music Club, Coding Club, Sports Team, Volunteer Group, Art Club"
418,Coding Club,"Debate Club, Sports Team, Art Club"
419,Debate Club,"Debate Club, Sports Team, Music Club, Coding Club"
420,Sports Team,"Volunteer Group, Music Club"
421,Music Club,Sports Team
422,Music Club,"Volunteer Group, Debate Club, Coding Club, Sports Team"
423,Sports Team,"Volunteer Group, Sports Team, Debate Club, Coding Club, Music Club"
424,Music Club,"Debate Club, Sports Team"
425,Sports Team,"Coding Club, Music Club, Volunteer Group"
426,Debate Club,"Coding Club, Volunteer Group"
427,Debate Club,"Coding Club, Debate Club"
428,Coding Club,"Art Club, Sports Team, Coding Club, Volunteer Group, Music Club"
429,Art Club,"Sports Team, Music Club, Coding Club, Volunteer Group"
430,Coding Club,"Sports Team, Volunteer Group"
431,Music Club,"Art Club, Debate Club, Coding Club, Music Club"
432,Sports Team,"Volunteer Group, Music Club, Sports Team, Art Club, Coding Club"
433,Sports Team,"Sports Team, Art Club, Volunteer Group, Music Club"
434,Debate Club,"Volunteer Group, Art Club, Music Club, Debate Club"
435,Sports Team,"Sports Team, Art Club, Music Club, Volunteer Group"
436,Sports Team,"Debate Club, Art Club, Volunteer Group"
437,Debate Club,"Music Club, Volunteer Group, Sports Team, Coding Club, Debate Club, Art Club"
438,Coding Club,Art Club
439,Music Club,"Art Club, Volunteer Group"
440,Coding Club,"Debate Club, Coding Club, Volunteer Group, Sports Team"
441,Art Club,"Volunteer Group, Sports Team, Music Club, Debate Club, Coding Club, Art Club"
442,Coding Club,"Music Club, Volunteer Group, Art Club, Sports Team, Debate Club, Coding Club"
443,Volunteer Group,"Art Club, Sports Team"
444,Music Club,"Volunteer Group, Art Club, Debate Club"
445,Volunteer Group,"Sports Team, Coding Club"
446,Art Club,Coding Club
447,Sports Team,Sports Team
448,Debate Club,"Art Club, Coding Club, Volunteer Group, Debate Club, Music Club"
449,Debate Club,Coding Club
450,Art Club,"Sports Team, Debate Club, Art Club, Volunteer Group, Coding Club"
451,Music Club,Coding Club
452,Debate Club,Sports Team
453,Debate Club,"Sports Team, Music Club, Art Club"
454,Volunteer Group,"Sports Team, Music Club, Art Club, Volunteer Group, Debate Club, Coding Club"
455,Debate Club,"Sports Team, Volunteer Group"
456,Sports Team,"Coding Club, Music Club, Volunteer Group"
457,Music Club,"Debate Club, Art Club, Sports Team, Volunteer Group"
458,Music Club,Music Club
459,Coding Club,"Coding Club, Sports Team, Volunteer Group"
460,Music Club,"Sports Team, Debate Club, Art Club"
461,Debate Club,"Coding Club, Volunteer Group, Sports Team"
462,Sports Team,"Art Club, Sports Team, Debate Club, Music Club, Coding Club"
463,Sports Team,"Coding Club, Sports Team"
464,Music Club,"Debate Club, Volunteer Group, Art Club, Sports Team, Music Club"
465,Coding Club,"Volunteer Group, Debate Club, Sports Team, Coding Club"
466,Debate Club,"Art Club, Music Club"
467,Sports Team,"Debate Club, Music Club, Volunteer Group"
468,Art Club,"Sports Team, Volunteer Group"
469,Music Club,"Music Club, Debate Club, Sports Team, Coding Club, Volunteer Group, Art Club"
470,Art Club,"Coding Club, Art Club, Volunteer Group, Music Club, Sports Team"
471,Coding Club,"Music Club, Sports Team, Coding Club, Volunteer Group, Art Club"
472,Volunteer Group,"Coding Club, Debate Club, Music Club"
473,Art Club,Debate Club
474,Music Club,"Music Club, Sports Team"
475,Music Club,"Debate Club, Coding Club, Music Club"
476,Sports Team,"Sports Team, Debate Club, Art Club, Volunteer Group"
477,Debate Club,"Sports Team, Coding Club, Debate Club, Art Club, Music Club, Volunteer Group"
478,Sports Team,"Sports Team, Debate Club"
479,Music Club,"Music Club, Volunteer Group, Coding Club"
480,Sports Team,"Sports Team, Volunteer Group, Art Club, Coding Club"
481,Art Club,"Coding Club, Art Club, Volunteer Group"
482,Debate Club,"Art Club, Sports Team"
483,Music Club,"Music Club, Coding Club, Debate Club, Volunteer Group, Sports Team"
484,Coding Club,"Debate Club, Volunteer Group, Art Club, Music Club, Coding Club, Sports Team"
485,Music Club,"Debate Club, Sports Team"
486,Art Club,"Debate Club, Art Club, Coding Club, Sports Team"
487,Coding Club,"Debate Club, Sports Team, Art Club, Music Club, Volunteer Group"
488,Debate Club,"Debate Club, Coding Club, Music Club, Volunteer Group, Art Club"
489,Debate Club,"Debate Club, Art Club, Sports Team, Music Club, Volunteer Group, Coding Club"
490,Sports Team,"Coding Club, Art Club, Music Club, Sports Team, Volunteer Group"
491,Sports Team,"Music Club, Volunteer Group, Sports Team, Coding Club, Art Club, Debate Club"
492,Coding Club,Art Club
493,Sports Team,"Music Club, Volunteer Group, Debate Club, Sports Team, Art Club"
494,Art Club,"Coding Club, Art Club"
495,Debate Club,"Volunteer Group, Coding Club, Debate Club, Art Club"
496,Sports Team,"Sports Team, Volunteer Group, Art Club, Coding Club"
497,Debate Club,"Music Club, Art Club, Coding Club"
498,Music Club,"Debate Club, Sports Team"
499,Coding Club,"Debate Club, Sports Team, Music Club"
500,Volunteer Group,"Music Club, Art Club, Debate Club"
501,Sports Team,"Music Club, Sports Team, Debate Club, Art Club, Coding Club, Volunteer Group"
502,Coding Club,Coding Club
503,Debate Club,"Coding Club, Music Club, Art Club, Sports Team, Volunteer Group"
504,Debate Club,"Volunteer Group, Sports Team"
505,Volunteer Group,Coding Club
506,Music Club,"Coding Club, Debate Club, Volunteer Group, Art Club, Music Club, Sports Team"
507,Music Club,Coding Club
508,Debate Club,"Sports Team, Debate Club, Volunteer Group, Coding Club"
509,Coding Club,"Sports Team, Debate Club, Music Club, Art Club, Volunteer Group"
510,Sports Team,"Music Club, Volunteer Group, Coding Club, Art Club"
511,Debate Club,Volunteer Group
512,Sports Team,"Debate Club, Art Club, Music Club, Sports Team, Volunteer Group, Coding Club"
513,Coding Club,Coding Club
514,Art Club,"Coding Club, Sports Team, Art Club, Debate Club, Music Club, Volunteer Group"
515,Art Club,"Coding Club, Art Club, Sports Team, Debate Club, Music Club"
516,Music Club,"Music Club, Volunteer Group, Art Club, Sports Team, Coding Club"
517,Volunteer Group,"Music Club, Art Club, Sports Team, Coding Club, Volunteer Group, Debate Club"
518,Art Club,"Debate Club, Music Club, Volunteer Group, Sports Team, Art Club"
519,Art Club,"Music Club, Art Club, Sports Team, Debate Club"
520,Art Club,"Coding Club, Art Club, Sports Team"
521,Music Club,"Music Club, Art Club, Coding Club, Sports Team, Debate Club"
522,Debate Club,"Debate Club, Art Club"
523,Coding Club,Art Club
524,Music Club,"Art Club, Volunteer Group, Coding Club"
525,Volunteer Group,"Art Club, Debate Club, Music Club, Sports Team, Coding Club, Volunteer Group"
526,Volunteer Group,"Debate Club, Coding Club, Art Club, Volunteer Group, Music Club"
527,Sports Team,"Volunteer Group, Coding Club, Sports Team"
528,Volunteer Group,"Art Club, Sports Team"
529,Music Club,"Volunteer Group, Sports Team, Music Club, Art Club, Coding Club"
530,Debate Club,"Coding Club, Art Club, Music Club, Volunteer Group"
531,Coding Club,"Art Club, Sports Team, Debate Club, Coding Club, Music Club, Volunteer Group"
532,Debate Club,"Debate Club, Volunteer Group, Music Club, Art Club"
533,Debate Club,"Volunteer Group, Art Club, Music Club, Sports Team, Coding Club, Debate Club"
534,Volunteer Group,"Volunteer Group, Coding Club"
535,Sports Team,Sports Team
536,Debate Club,"Volunteer Group, Debate Club"
537,Volunteer Group,"Art Club, Music Club, Sports Team"
538,Art Club,"Debate Club, Music Club, Sports Team, Volunteer Group, Coding Club"
539,Sports Team,Art Club
540,Music Club,"Sports Team, Coding Club, Music Club, Debate Club, Volunteer Group, Art Club"
541,Sports Team,Art Club
542,Debate Club,Debate Club
543,Sports Team,"Art Club, Coding Club, Sports Team, Music Club, Volunteer Group"
544,Coding Club,"Volunteer Group, Music Club, Coding Club, Debate Club, Sports Team"
545,Sports Team,"Volunteer Group, Debate Club, Music Club, Sports Team"
546,Sports Team,"Coding Club, Sports Team"
547,Volunteer Group,"Art Club, Sports Team"
548,Art Club,"Debate Club, Sports Team, Volunteer Group, Art Club, Coding Club, Music Club"
549,Music Club,"Music Club, Art Club, Sports Team, Coding Club"
550,Debate Club,"Debate Club, Music Club, Coding Club, Volunteer Group"
551,Debate Club,"Sports Team, Debate Club"
552,Sports Team,"Music Club, Coding Club"
553,Debate Club,"Volunteer Group, Coding Club, Music Club, Debate Club"
554,Music Club,Debate Club
555,Debate Club,"Music Club, Coding Club, Sports Team, Debate Club"
556,Art Club,"Volunteer Group, Art Club"
557,Sports Team,"Music Club, Coding Club, Volunteer Group, Sports Team"
558,Sports Team,"Coding Club, Art Club, Volunteer Group, Debate Club, Sports Team"
559,Coding Club,"Music Club, Volunteer Group, Debate Club, Art Club, Sports Team"
560,Music Club,Sports Team
561,Volunteer Group,Art Club
562,Volunteer Group,"Volunteer Group, Debate Club, Coding Club, Art Club, Sports Team"
563,Music Club,"Coding Club, Sports Team, Debate Club, Music Club"
564,Volunteer Group,"Debate Club, Coding Club, Music Club, Sports Team, Art Club, Volunteer Group"
565,Music Club,"Sports Team, Art Club, Music Club"
566,Music Club,"Debate Club, Music Club, Sports Team, Coding Club"
567,Sports Team,"Sports Team, Debate Club"
568,Art Club,"Volunteer Group, Art Club, Music Club"
569,Coding Club,"Volunteer Group, Art Club, Debate Club, Sports Team, Coding Club, Music Club"
570,Music Club,"Coding Club, Sports Team"
571,Debate Club,Debate Club
572,Debate Club,"Sports Team, Art Club"
573,Debate Club,"Music Club, Volunteer Group, Debate Club, Coding Club, Art Club, Sports Team"
574,Coding Club,"Art Club, Debate Club, Music Club, Sports Team, Coding Club, Volunteer Group"
575,Volunteer Group,"Music Club, Volunteer Group"
576,Art Club,"Volunteer Group, Debate Club, Music Club, Art Club, Coding Club"
577,Volunteer Group,Volunteer Group
578,Coding Club,"Volunteer Group, Art Club, Debate Club, Coding Club, Sports Team"
579,Volunteer Group,"Debate Club, Music Club, Art Club, Coding Club, Volunteer Group"
580,Art Club,"Art Club, Coding Club, Sports Team, Volunteer Group"
581,Coding Club,"Coding Club, Art Club, Debate Club, Sports Team, Volunteer Group, Music Club"
582,Sports Team,"Coding Club, Music Club, Sports Team, Art Club, Volunteer Group, Debate Club"
583,Volunteer Group,"Volunteer Group, Coding Club, Debate Club, Sports Team, Art Club"
584,Coding Club,Coding Club
585,Volunteer Group,"Coding Club, Art Club, Sports Team, Music Club, Debate Club, Volunteer Group"
586,Art Club,"Volunteer Group, Sports Team, Art Club, Debate Club, Coding Club"
587,Music Club,"Volunteer Group, Music Club, Debate Club, Sports Team, Coding Club"
588,Volunteer Group,"Volunteer Group, Art Club, Music Club, Sports Team"
589,Music Club,Music Club
590,Volunteer Group,"Art Club, Sports Team"
591,Debate Club,"Volunteer Group, Debate Club, Art Club"
592,Coding Club,"Debate Club, Coding Club, Art Club, Music Club"
593,Music Club,"Coding Club, Debate Club, Music Club, Art Club, Sports Team, Volunteer Group"
594,Volunteer Group,"Coding Club, Sports Team, Art Club, Music Club, Debate Club, Volunteer Group"
595,Debate Club,"Debate Club, Sports Team, Volunteer Group, Music Club"
596,Art Club,"Coding Club, Art Club, Debate Club, Volunteer Group, Music Club"
597,Music Club,Art Club
598,Music Club,"Art Club, Volunteer Group, Coding Club, Debate Club, Sports Team, Music Club"
599,Music Club,"Art Club, Sports Team"
600,Volunteer Group,Volunteer Group
601,Sports Team,"Coding Club, Music Club"
602,Art Club,"Coding Club, Debate Club, Music Club, Volunteer Group, Sports Team, Art Club"
603,Volunteer Group,"Art Club, Volunteer Group"
604,Debate Club,"Coding Club, Debate Club, Music Club, Art Club, Sports Team, Volunteer Group"
605,Volunteer Group,"Art Club, Coding Club, Volunteer Group, Sports Team, Music Club, Debate Club"
606,Coding Club,Volunteer Group
607,Music Club,"Sports Team, Debate Club, Art Club, Coding Club, Music Club, Volunteer Group"
608,Music Club,"Volunteer Group, Debate Club, Coding Club, Sports Team, Art Club"
609,Coding Club,"Coding Club, Debate Club, Sports Team, Music Club, Volunteer Group"
610,Coding Club,"Volunteer Group, Music Club"
611,Sports Team,"Coding Club, Volunteer Group, Debate Club"
612,Art Club,"Coding Club, Volunteer Group, Debate Club"
613,Coding Club,"Art Club, Debate Club, Coding Club, Sports Team, Volunteer Group, Music Club"
614,Volunteer Group,"Coding Club, Sports Team"
615,Debate Club,Music Club
616,Art Club,"Coding Club, Art Club, Volunteer Group, Sports Team"
617,Sports Team,"Music Club, Sports Team, Art Club, Coding Club, Volunteer Group, Debate Club"
618,Coding Club,"Volunteer Group, Coding Club, Music Club, Sports Team, Debate Club"
619,Coding Club,"Coding Club, Music Club, Volunteer Group, Art Club, Sports Team"
620,Volunteer Group,"Volunteer Group, Art Club, Sports Team"
621,Coding Club,"Art Club, Debate Club"
622,Volunteer Group,"Music Club, Coding Club, Art Club"
623,Volunteer Group,"Volunteer Group, Art Club, Debate Club, Sports Team, Music Club"
624,Coding Club,"Coding Club, Volunteer Group, Debate Club, Music Club"
625,Sports Team,"Sports Team, Debate Club"
626,Art Club,"Debate Club, Music Club, Volunteer Group, Sports Team"
627,Art Club,"Volunteer Group, Art Club, Music Club, Sports Team, Debate Club, Coding Club"
628,Volunteer Group,"Music Club, Sports Team, Coding Club, Art Club"
629,Volunteer Group,"Debate Club, Coding Club"
630,Coding Club,"Debate Club, Music Club, Volunteer Group"
631,Music Club,"Debate Club, Volunteer Group, Art Club, Sports Team, Music Club, Coding Club"
632,Coding Club,Volunteer Group
633,Music Club,"Volunteer Group, Debate Club"
634,Coding Club,"Music Club, Volunteer Group"
635,Debate Club,"Coding Club, Debate Club, Sports Team"
636,Volunteer Group,"Debate Club, Coding Club, Music Club, Volunteer Group"
637,Sports Team,"Sports Team, Music Club, Volunteer Group, Coding Club, Debate Club"
638,Volunteer Group,"Coding Club, Debate Club, Volunteer Group, Art Club, Music Club, Sports Team"
639,Art Club,"Sports Team, Debate Club"
640,Sports Team,"Sports Team, Volunteer Group, Debate Club"
641,Art Club,"Sports Team, Art Club, Coding Club, Volunteer Group, Debate Club"
642,Music Club,Music Club
643,Debate Club,"Coding Club, Debate Club, Sports Team, Art Club"
644,Art Club,Sports Team
645,Art Club,"Music Club, Volunteer Group"
646,Art Club,"Art Club, Coding Club"
647,Music Club,"Coding Club, Sports Team"
648,Music Club,"Sports Team, Music Club, Coding Club, Art Club, Debate Club"
649,Music Club,"Art Club, Music Club, Coding Club, Volunteer Group, Sports Team, Debate Club"
650,Music Club,"Debate Club, Music Club, Coding Club, Art Club"
651,Coding Club,"Music Club, Coding Club, Art Club, Volunteer Group, Sports Team, Debate Club"
652,Debate Club,Debate Club
653,Sports Team,"Music Club, Coding Club, Art Club"
654,Music Club,"Music Club, Volunteer Group, Sports Team, Coding Club, Debate Club, Art Club"
655,Debate Club,Music Club
656,Volunteer Group,"Music Club, Sports Team, Debate Club, Volunteer Group, Art Club, Coding Club"
657,Music Club,"Coding Club, Art Club, Volunteer Group, Sports Team, Music Club"
658,Art Club,Coding Club
659,Art Club,"Debate Club, Sports Team"
660,Debate Club,"Debate Club, Art Club, Sports Team, Coding Club"
661,Debate Club,"Sports Team, Debate Club, Coding Club"
662,Volunteer Group,"Art Club, Volunteer Group, Coding Club, Debate Club, Music Club, Sports Team"
663,Art Club,"Sports Team, Art Club"
664,Sports Team,Debate Club
665,Coding Club,"Music Club, Coding Club, Sports Team, Debate Club"
666,Debate Club,"Debate Club, Coding Club, Volunteer Group"
667,Coding Club,"Volunteer Group, Art Club, Coding Club, Sports Team, Music Club"
668,Sports Team,"Sports Team, Coding Club"
669,Art Club,Art Club
670,Art Club,"Volunteer Group, Music Club, Art Club, Coding Club, Debate Club, Sports Team"
671,Volunteer Group,"Art Club, Music Club"
672,Volunteer Group,"Music Club, Coding Club, Debate Club"
673,Debate Club,"Art Club, Music Club"
674,Volunteer Group,"Music Club, Art Club, Coding Club, Debate Club, Sports Team, Volunteer Group"
675,Volunteer Group,"Music Club, Debate Club, Coding Club, Sports Team, Volunteer Group"
676,Music Club,Volunteer Group
677,Volunteer Group,"Debate Club, Music Club"
678,Volunteer Group,"Volunteer Group, Debate Club"
679,Volunteer Group,"Debate Club, Music Club, Coding Club, Sports Team, Volunteer Group"
680,Debate Club,"Sports Team, Art Club"
681,Music Club,"Sports Team, Music Club, Coding Club, Volunteer Group, Debate Club, Art Club"
682,Art Club,Debate Club
683,Music Club,Music Club
684,Art Club,"Art Club, Music Club, Sports Team, Coding Club"
685,Sports Team,"Art Club, Music Club, Coding Club"
686,Debate Club,Coding Club
687,Art Club,"Coding Club, Sports Team, Music Club, Volunteer Group, Art Club, Debate Club"
688,Music Club,"Art Club, Debate Club, Volunteer Group"
689,Coding Club,"Music Club, Volunteer Group"
690,Coding Club,"Music Club, Volunteer Group, Art Club, Coding Club, Sports Team"
691,Sports Team,"Coding Club, Music Club, Sports Team, Volunteer Group, Debate Club, Art Club"
692,Coding Club,"Volunteer Group, Music Club, Sports Team, Coding Club, Art Club, Debate Club"
693,Debate Club,Debate Club
694,Coding Club,Art Club
695,Debate Club,Debate Club
696,Volunteer Group,"Debate Club, Sports Team, Volunteer Group, Music Club"
697,Art Club,"Sports Team, Volunteer Group, Coding Club, Music Club, Debate Club"
698,Coding Club,Volunteer Group
699,Music Club,"Volunteer Group, Coding Club, Sports Team, Debate Club, Music Club, Art Club"
700,Volunteer Group,"Coding Club, Art Club, Music Club"
701,Sports Team,"Music Club, Sports Team, Coding Club"
702,Debate Club,Sports Team
703,Debate Club,"Coding Club, Debate Club, Music Club"
704,Sports Team,"Coding Club, Music Club, Art Club, Sports Team, Volunteer Group"
705,Debate Club,"Sports Team, Debate Club, Music Club, Art Club, Coding Club, Volunteer Group"
706,Debate Club,"Debate Club, Volunteer Group, Coding Club"
707,Debate Club,"Volunteer Group, Debate Club, Sports Team, Art Club"
708,Sports Team,"Volunteer Group, Art Club, Debate Club, Coding Club, Music Club, Sports Team"
709,Music Club,"Sports Team, Volunteer Group, Debate Club, Music Club, Art Club"
710,Volunteer Group,"Music Club, Sports Team"
711,Art Club,"Debate Club, Art Club"
712,Volunteer Group,"Debate Club, Art Club"
713,Volunteer Group,"Music Club, Sports Team, Debate Club, Art Club, Volunteer Group"
714,Sports Team,"Sports Team, Volunteer Group, Music Club, Debate Club, Art Club"
715,Volunteer Group,"Art Club, Sports Team, Music Club, Debate Club, Coding Club"
716,Coding Club,"Music Club, Art Club, Sports Team, Debate Club, Coding Club, Volunteer Group"
717,Sports Team,"Art Club, Volunteer Group, Sports Team"
718,Art Club,"Debate Club, Sports Team, Art Club, Coding Club, Volunteer Group, Music Club"
719,Debate Club,"Coding Club, Sports Team"
720,Music Club,"Volunteer Group, Music Club, Art Club, Coding Club"
721,Debate Club,"Sports Team, Coding Club, Art Club, Volunteer Group, Debate Club, Music Club"
722,Debate Club,"Debate Club, Sports Team, Music Club, Coding Club, Art Club, Volunteer Group"
723,Debate Club,"Sports Team, Art Club"
724,Volunteer Group,"Volunteer Group, Coding Club, Debate Club"
725,Coding Club,"Debate Club, Music Club"
726,Sports Team,"Debate Club, Art Club"
727,Debate Club,"Art Club, Sports Team, Coding Club, Volunteer Group, Debate Club"
728,Coding Club,Volunteer Group
729,Sports Team,"Debate Club, Coding Club, Music Club, Volunteer Group, Art Club, Sports Team"
730,Coding Club,"Sports Team, Art Club, Debate Club, Volunteer Group"
731,Art Club,"Music Club, Coding Club, Debate Club"
732,Music Club,"Music Club, Coding Club, Debate Club, Volunteer Group"
733,Debate Club,"Sports Team, Coding Club, Debate Club"
734,Art Club,"Debate Club, Art Club, Music Club"
735,Volunteer Group,Music Club
736,Sports Team,"Volunteer Group, Debate Club, Music Club, Sports Team"
737,Music Club,"Volunteer Group, Coding Club"
738,Coding Club,"Sports Team, Volunteer Group"
739,Art Club,"Volunteer Group, Music Club, Art Club, Coding Club, Debate Club"
740,Art Club,"Coding Club, Sports Team, Debate Club, Music Club, Art Club, Volunteer Group"
741,Volunteer Group,"Debate Club, Music Club, Coding Club, Sports Team, Art Club"
742,Volunteer Group,"Sports Team, Art Club, Debate Club, Coding Club, Volunteer Group, Music Club"
743,Debate Club,"Art Club, Debate Club"
744,Art Club,"Debate Club, Art Club, Music Club, Sports Team, Coding Club"
745,Art Club,Debate Club
746,Volunteer Group,"Debate Club, Coding Club, Music Club, Sports Team, Art Club, Volunteer Group"
747,Art Club,"Art Club, Volunteer Group, Coding Club, Music Club, Sports Team, Debate Club"
748,Coding Club,"Art Club, Volunteer Group, Sports Team"
749,Coding Club,"Coding Club, Art Club, Music Club, Debate Club"
750,Sports Team,"Art Club, Debate Club, Coding Club, Music Club, Sports Team, Volunteer Group"
751,Coding Club,"Music Club, Coding Club"
752,Volunteer Group,"Volunteer Group, Art Club, Debate Club, Music Club, Coding Club"
753,Art Club,"Coding Club, Sports Team"
754,Debate Club,Coding Club
755,Debate Club,"Music Club, Sports Team, Coding Club, Debate Club, Volunteer Group, Art Club"
756,Sports Team,"Coding Club, Volunteer Group, Art Club, Music Club"
757,Art Club,"Sports Team, Debate Club, Coding Club, Volunteer Group, Art Club, Music Club"
758,Music Club,"Music Club, Volunteer Group, Sports Team, Debate Club, Coding Club"
759,Volunteer Group,Music Club
760,Volunteer Group,"Coding Club, Sports Team, Volunteer Group, Debate Club, Art Club, Music Club"
761,Art Club,"Art Club, Debate Club, Coding Club, Music Club, Sports Team, Volunteer Group"
762,Art Club,"Art Club, Sports Team, Debate Club, Coding Club"
763,Coding Club,Debate Club
764,Sports Team,"Sports Team, Art Club"
765,Music Club,Art Club
766,Sports Team,Music Club
767,Volunteer Group,"Volunteer Group, Art Club, Sports Team, Debate Club, Coding Club, Music Club"
768,Coding Club,"Debate Club, Sports Team, Art Club, Music Club, Volunteer Group, Coding Club"
769,Debate Club,"Sports Team, Art Club, Volunteer Group, Coding Club"
770,Music Club,"Sports Team, Art Club"
771,Debate Club,"Sports Team, Coding Club, Debate Club, Music Club"
772,Coding Club,"Volunteer Group, Debate Club"
773,Debate Club,"Art Club, Music Club"
774,Coding Club,"Debate Club, Art Club, Music Club"
775,Sports Team,"Volunteer Group, Coding Club, Debate Club, Music Club, Sports Team, Art Club"
776,Music Club,"Debate Club, Coding Club, Sports Team"
777,Sports Team,"Music Club, Art Club, Sports Team"
778,Music Club,Sports Team
779,Music Club,"Music Club, Debate Club, Coding Club, Sports Team, Art Club, Volunteer Group"
780,Art Club,"Music Club, Debate Club, Sports Team, Volunteer Group"
781,Debate Club,"Volunteer Group, Music Club, Coding Club, Art Club, Debate Club"
782,Coding Club,"Coding Club, Debate Club, Sports Team, Music Club, Volunteer Group, Art Club"
783,Music Club,"Coding Club, Volunteer Group, Sports Team"
784,Volunteer Group,"Art Club, Sports Team"
785,Debate Club,"Volunteer Group, Coding Club, Art Club, Sports Team, Music Club"
786,Music Club,Debate Club
787,Volunteer Group,"Coding Club, Debate Club, Art Club"
788,Music Club,"Sports Team, Debate Club, Music Club, Volunteer Group"
789,Coding Club,"Sports Team, Art Club, Volunteer Group, Debate Club"
790,Art Club,"Art Club, Coding Club, Debate Club"
791,Sports Team,"Volunteer Group, Coding Club, Sports Team"
792,Sports Team,Music Club
793,Art Club,"Coding Club, Art Club"
794,Art Club,"Volunteer Group, Sports Team, Music Club"
795,Music Club,"Music Club, Sports Team, Art Club, Debate Club"
796,Music Club,"Music Club, Debate Club, Sports Team"
797,Music Club,"Music Club, Sports Team"
798,Art Club,"Art Club, Debate Club, Volunteer Group, Sports Team, Music Club, Coding Club"
799,Art Club,"Debate Club, Volunteer Group, Music Club, Art Club, Coding Club, Sports Team"
800,Music Club,"Coding Club, Music Club, Debate Club"
801,Art Club,Music Club
802,Debate Club,"Sports Team, Volunteer Group, Music Club, Debate Club, Art Club"
803,Sports Team,"Music Club, Sports Team, Coding Club, Art Club, Debate Club, Volunteer Group"
804,Art Club,"Art Club, Music Club, Debate Club, Coding Club"
805,Art Club,"Art Club, Coding Club, Volunteer Group, Debate Club"
806,Sports Team,"Art Club, Volunteer Group, Music Club, Sports Team, Coding Club"
807,Music Club,"Music Club, Sports Team, Art Club"
808,Sports Team,Music Club
809,Sports Team,Sports Team
810,Art Club,Sports Team
811,Art Club,"Volunteer Group, Coding Club, Music Club, Sports Team, Art Club"
812,Debate Club,"Music Club, Debate Club, Art Club, Sports Team"
813,Coding Club,"Debate Club, Coding Club, Sports Team, Music Club"
814,Volunteer Group,"Coding Club, Debate Club, Volunteer Group, Music Club, Sports Team"
815,Volunteer Group,"Sports Team, Art Club, Music Club, Debate Club, Volunteer Group, Coding Club"
816,Coding Club,Coding Club
817,Debate Club,"Debate Club, Volunteer Group"
818,Sports Team,"Art Club, Volunteer Group, Sports Team, Debate Club"
819,Sports Team,"Music Club, Art Club, Coding Club, Sports Team"
820,Debate Club,"Coding Club, Sports Team, Volunteer Group, Art Club, Debate Club, Music Club"
821,Debate Club,"Coding Club, Debate Club, Volunteer Group, Art Club"
822,Sports Team,"Art Club, Coding Club, Music Club, Volunteer Group, Sports Team"
823,Debate Club,Debate Club
824,Debate Club,"Sports Team, Debate Club, Volunteer Group"
825,Music Club,"Coding Club, Music Club"
826,Music Club,"Music Club, Volunteer Group, Coding Club, Sports Team"
827,Music Club,"Coding Club, Debate Club, Art Club, Music Club"
828,Coding Club,Debate Club
829,Sports Team,"Coding Club, Debate Club, Sports Team, Art Club, Volunteer Group"
830,Sports Team,"Coding Club, Music Club, Sports Team, Volunteer Group, Art Club, Debate Club"
831,Sports Team,"Music Club, Art Club"
832,Art Club,"Sports Team, Coding Club"
833,Debate Club,Volunteer Group
834,Art Club,"Debate Club, Art Club"
835,Debate Club,"Coding Club, Music Club, Art Club"
836,Debate Club,"Debate Club, Coding Club, Volunteer Group, Art Club"
837,Art Club,"Art Club, Coding Club, Volunteer Group, Debate Club, Sports Team, Music Club"
838,Debate Club,"Art Club, Volunteer Group"
839,Music Club,Volunteer Group
840,Coding Club,"Music Club, Art Club, Sports Team, Coding Club, Debate Club, Volunteer Group"
841,Music Club,"Debate Club, Sports Team, Art Club"
842,Debate Club,"Music Club, Coding Club, Sports Team, Debate Club, Art Club, Volunteer Group"
843,Coding Club,"Volunteer Group, Coding Club"
844,Art Club,"Coding Club, Debate Club, Music Club, Sports Team, Volunteer Group"
845,Volunteer Group,"Volunteer Group, Art Club"
846,Volunteer Group,"Sports Team, Music Club, Art Club"
847,Coding Club,"Art Club, Sports Team, Coding Club, Debate Club, Music Club, Volunteer Group"
848,Music Club,"Sports Team, Coding Club"
849,Debate Club,Art Club
850,Art Club,Debate Club
851,Coding Club,"Volunteer Group, Art Club, Sports Team"
852,Debate Club,"Volunteer Group, Art Club, Coding Club, Music Club"
853,Sports Team,"Coding Club, Debate Club, Music Club, Volunteer Group, Art Club, Sports Team"
854,Debate Club,"Debate Club, Music Club, Coding Club"
855,Debate Club,"Volunteer Group, Music Club, Sports Team, Art Club, Coding Club, Debate Club"
856,Coding Club,"Art Club, Coding Club, Volunteer Group, Debate Club, Sports Team"
857,Volunteer Group,"Music Club, Debate Club, Sports Team, Volunteer Group"
858,Debate Club,"Sports Team, Volunteer Group, Coding Club"
859,Music Club,"Art Club, Sports Team, Coding Club, Volunteer Group, Music Club"
860,Music Club,"Volunteer Group, Coding Club, Sports Team, Debate Club"
861,Sports Team,"Coding Club, Art Club, Music Club, Debate Club"
862,Volunteer Group,"Music Club, Art Club"
863,Art Club,"Coding Club, Art Club, Debate Club, Volunteer Group, Music Club, Sports Team"
864,Music Club,Volunteer Group
865,Music Club,Sports Team
866,Volunteer Group,Volunteer Group
867,Music Club,"Art Club, Volunteer Group, Coding Club, Debate Club, Sports Team, Music Club"
868,Volunteer Group,"Coding Club, Art Club, Debate Club, Music Club, Volunteer Group, Sports Team"
869,Art Club,"Volunteer Group, Art Club"
870,Coding Club,"Music Club, Coding Club"
871,Volunteer Group,"Coding Club, Volunteer Group, Art Club, Debate Club, Sports Team, Music Club"
872,Sports Team,"Music Club, Sports Team"
873,Art Club,"Art Club, Music Club, Debate Club, Coding Club, Volunteer Group"
874,Art Club,Volunteer Group
875,Sports Team,Coding Club
876,Sports Team,Art Club
877,Sports Team,"Music Club, Debate Club, Art Club, Coding Club, Sports Team, Volunteer Group"
878,Music Club,"Music Club, Debate Club, Volunteer Group"
879,Art Club,"Sports Team, Coding Club, Debate Club, Art Club, Music Club"
880,Music Club,"Sports Team, Coding Club, Music Club, Debate Club, Art Club, Volunteer Group"
881,Art Club,"Music Club, Volunteer Group, Coding Club"
882,Volunteer Group,"Sports Team, Volunteer Group"
883,Volunteer Group,"Volunteer Group, Music Club, Coding Club, Debate Club, Sports Team"
884,Coding Club,"Art Club, Debate Club, Coding Club, Music Club, Volunteer Group, Sports Team"
885,Music Club,"Art Club, Music Club, Coding Club, Volunteer Group, Sports Team"
886,Coding Club,"Volunteer Group, Sports Team"
887,Sports Team,"Sports Team, Debate Club, Volunteer Group, Music Club, Coding Club"
888,Volunteer Group,"Music Club, Debate Club, Coding Club, Art Club, Volunteer Group"
889,Coding Club,"Debate Club, Coding Club, Sports Team, Music Club"
890,Coding Club,Art Club
891,Debate Club,"Sports Team, Coding Club, Debate Club, Music Club, Volunteer Group"
892,Sports Team,"Volunteer Group, Music Club, Art Club"
893,Music Club,"Coding Club, Debate Club, Art Club, Music Club, Sports Team, Volunteer Group"
894,Sports Team,"Art Club, Debate Club, Music Club, Volunteer Group"
895,Sports Team,"Music Club, Art Club"
896,Sports Team,"Volunteer Group, Sports Team, Music Club, Debate Club, Coding Club"
897,Coding Club,"Coding Club, Sports Team, Art Club, Music Club"
898,Coding Club,"Volunteer Group, Music Club, Art Club"
899,Music Club,"Volunteer Group, Art Club, Sports Team, Coding Club, Music Club"
900,Volunteer Group,"Coding Club, Debate Club, Volunteer Group, Sports Team, Music Club, Art Club"
901,Debate Club,"Coding Club, Art Club, Music Club, Volunteer Group, Sports Team"
902,Art Club,"Coding Club, Music Club"
903,Coding Club,"Art Club, Coding Club, Music Club, Sports Team, Volunteer Group"
904,Debate Club,"Sports Team, Coding Club, Art Club"
905,Debate Club,Sports Team
906,Art Club,Music Club
907,Volunteer Group,"Volunteer Group, Music Club, Sports Team"
908,Music Club,"Sports Team, Debate Club, Volunteer Group, Coding Club, Art Club, Music Club"
909,Art Club,"Volunteer Group, Debate Club, Art Club"
910,Music Club,Sports Team
911,Coding Club,"Coding Club, Art Club"
912,Coding Club,"Coding Club, Art Club, Music Club"
913,Music Club,"Coding Club, Sports Team, Volunteer Group"
914,Sports Team,Debate Club
915,Volunteer Group,Debate Club
916,Volunteer Group,"Music Club, Art Club, Debate Club, Sports Team, Coding Club"
917,Art Club,Sports Team
918,Coding Club,"Volunteer Group, Sports Team, Music Club, Debate Club, Coding Club, Art Club"
919,Coding Club,"Art Club, Music Club"
920,Sports Team,"Music Club, Coding Club"
921,Coding Club,"Coding Club, Debate Club, Volunteer Group, Sports Team, Art Club"
922,Volunteer Group,"Music Club, Coding Club, Sports Team, Volunteer Group"
923,Sports Team,"Debate Club, Sports Team, Music Club, Coding Club, Volunteer Group, Art Club"
924,Volunteer Group,"Sports Team, Debate Club, Music Club, Coding Club, Art Club"
925,Debate Club,"Music Club, Coding Club"
926,Sports Team,"Volunteer Group, Sports Team, Coding Club, Music Club, Debate Club, Art Club"
927,Debate Club,"Coding Club, Music Club, Volunteer Group, Art Club, Debate Club, Sports Team"
928,Music Club,Debate Club
929,Debate Club,"Music Club, Volunteer Group, Sports Team, Art Club, Coding Club, Debate Club"
930,Sports Team,"Sports Team, Volunteer Group, Art Club, Coding Club"
931,Sports Team,"Sports Team, Coding Club, Debate Club, Volunteer Group, Art Club, Music Club"
932,Coding Club,"Art Club, Debate Club, Coding Club, Volunteer Group, Sports Team, Music Club"
933,Debate Club,"Volunteer Group, Art Club, Sports Team, Music Club, Debate Club"
934,Debate Club,"Art Club, Sports Team, Music Club, Coding Club, Debate Club, Volunteer Group"
935,Sports Team,"Sports Team, Debate Club, Volunteer Group, Coding Club, Music Club, Art Club"
936,Volunteer Group,"Art Club, Volunteer Group, Music Club"
937,Coding Club,Volunteer Group
938,Music Club,"Volunteer Group, Debate Club, Coding Club, Music Club, Art Club"
939,Volunteer Group,Art Club
940,Music Club,"Volunteer Group, Sports Team, Coding Club, Music Club, Debate Club, Art Club"
941,Sports Team,"Volunteer Group, Debate Club"
942,Debate Club,"Debate Club, Coding Club, Sports Team, Art Club, Music Club, Volunteer Group"
943,Sports Team,"Art Club, Debate Club, Sports Team, Music Club, Volunteer Group, Coding Club"
944,Debate Club,"Art Club, Coding Club"
945,Sports Team,"Art Club, Music Club, Coding Club"
946,Debate Club,"Art Club, Music Club"
947,Sports Team,"Coding Club, Art Club, Music Club"
948,Sports Team,Music Club
949,Art Club,"Art Club, Debate Club"
950,Art Club,"Art Club, Music Club"
951,Sports Team,"Music Club, Art Club, Debate Club"
952,Sports Team,"Sports Team, Debate Club, Volunteer Group, Coding Club, Art Club"
953,Sports Team,Music Club
954,Sports Team,Art Club
955,Art Club,"Art Club, Music Club, Sports Team, Debate Club, Coding Club"
956,Volunteer Group,"Sports Team, Volunteer Group, Art Club, Music Club, Debate Club"
957,Sports Team,"Art Club, Sports Team, Coding Club"
958,Coding Club,"Music Club, Sports Team, Art Club, Debate Club"
959,Art Club,"Coding Club, Volunteer Group, Music Club, Debate Club"
960,Music Club,Debate Club
961,Art Club,"Art Club, Sports Team, Debate Club, Coding Club, Music Club, Volunteer Group"
962,Coding Club,Coding Club
963,Music Club,"Music Club, Volunteer Group, Coding Club, Art Club, Debate Club, Sports Team"
964,Sports Team,"Art Club, Debate Club"
965,Debate Club,"Volunteer Group, Sports Team"
966,Volunteer Group,"Volunteer Group, Sports Team, Music Club, Art Club, Debate Club, Coding Club"
967,Volunteer Group,Sports Team
968,Volunteer Group,"Coding Club, Debate Club"
969,Art Club,"Music Club, Coding Club, Art Club, Sports Team, Volunteer Group, Debate Club"
970,Sports Team,"Music Club, Art Club, Sports Team, Volunteer Group, Coding Club, Debate Club"
971,Music Club,"Coding Club, Sports Team"
972,Coding Club,"Volunteer Group, Debate Club, Art Club"
973,Music Club,"Music Club, Volunteer Group, Coding Club"
974,Sports Team,Sports Team
975,Sports Team,"Volunteer Group, Music Club, Art Club"
976,Volunteer Group,"Volunteer Group, Art Club"
977,Coding Club,Coding Club
978,Volunteer Group,"Music Club, Coding Club, Sports Team, Debate Club, Art Club, Volunteer Group"
979,Music Club,"Coding Club, Art Club, Volunteer Group, Music Club, Debate Club, Sports Team"
980,Volunteer Group,"Volunteer Group, Art Club, Debate Club"
981,Coding Club,"Debate Club, Volunteer Group, Coding Club, Music Club, Art Club, Sports Team"
982,Sports Team,"Art Club, Coding Club, Sports Team, Music Club, Volunteer Group"
983,Sports Team,Art Club
984,Debate Club,"Music Club, Volunteer Group, Debate Club, Art Club, Coding Club"
985,Coding Club,"Art Club, Coding Club, Sports Team, Volunteer Group"
986,Volunteer Group,"Music Club, Sports Team, Debate Club, Art Club"
987,Coding Club,"Sports Team, Volunteer Group, Art Club, Debate Club, Coding Club, Music Club"
988,Art Club,"Music Club, Volunteer Group"
989,Sports Team,"Sports Team, Art Club, Debate Club, Music Club"
990,Sports Team,"Music Club, Volunteer Group"
991,Sports Team,"Debate Club, Volunteer Group, Art Club, Sports Team, Coding Club, Music Club"
992,Music Club,"Sports Team, Music Club"
993,Sports Team,"Sports Team, Music Club, Debate Club, Coding Club, Art Club, Volunteer Group"
994,Sports Team,"Art Club, Music Club, Debate Club, Sports Team"
995,Sports Team,"Debate Club, Volunteer Group, Music Club, Sports Team, Coding Club, Art Club"
996,Art Club,"Music Club, Volunteer Group, Coding Club, Art Club, Sports Team"
997,Volunteer Group,"Art Club, Volunteer Group, Debate Club, Coding Club"
998,Sports Team,"Coding Club, Sports Team, Music Club"
999,Coding Club,"Sports Team, Art Club"
