ExtracurricularActivities,ClubMemberships
Debate Club,"Music Club, Art Club, Sports Team, Debate Club, Coding Club"
Debate Club,"Art Club, Music Club, Sports Team, Coding Club"
Volunteer Group,"Music Club, Art Club, Debate Club, Volunteer Group, Coding Club, Sports Team"
Volunteer Group,"Sports Team, Volunteer Group"
Sports Team,"Sports Team, Volunteer Group, Music Club"
Debate Club,"Art Club, Coding Club, Volunteer Group"
Art Club,"Music Club, Debate Club, Sports Team"
Volunteer Group,"Debate Club, Art Club, Coding Club, Volunteer Group"
Sports Team,Music Club
Sports Team,"Coding Club, Volunteer Group, Music Club"
Sports Team,"Coding Club, Sports Team, Art Club"
Coding Club,"Sports Team, Debate Club"
Music Club,"Debate Club, Volunteer Group, Music Club, Art Club, Sports Team"
Sports Team,"Art Club, Debate Club, Music Club"
Music Club,"Sports Team, Coding Club, Music Club, Debate Club, Volunteer Group"
Debate Club,"Coding Club, Debate Club, Music Club, Sports Team, Art Club"
Music Club,"Volunteer Group, Debate Club, Art Club, Music Club"
Volunteer Group,"Volunteer Group, Sports Team, Art Club, Coding Club"
Coding Club,"Debate Club, Sports Team, Art Club, Coding Club"
Debate Club,Debate Club
Coding Club,"Art Club, Volunteer Group, Debate Club"
Sports Team,"Art Club, Music Club"
Volunteer Group,"Coding Club, Art Club"
Music Club,"Debate Club, Art Club, Coding Club, Music Club"
Coding Club,"Debate Club, Sports Team, Music Club, Coding Club, Art Club"
Debate Club,"Sports Team, Art Club, Music Club, Debate Club"
Sports Team,"Sports Team, Volunteer Group, Debate Club, Art Club, Coding Club, Music Club"
Volunteer Group,Sports Team
Art Club,Music Club
Music Club,"Debate Club, Art Club, Music Club, Coding Club, Volunteer Group"
Debate Club,"Art Club, Sports Team, Volunteer Group, Coding Club, Music Club, Debate Club"
Volunteer Group,"Debate Club, Coding Club, Art Club, Music Club"
Debate Club,"Coding Club, Sports Team, Art Club, Music Club"
Volunteer Group,"Debate Club, Volunteer Group, Sports Team, Coding Club, Art Club, Music Club"
Art Club,Volunteer Group
Music Club,"Art Club, Debate Club"
Sports Team,Art Club
Volunteer Group,"Coding Club, Music Club, Volunteer Group, Sports Team, Art Club, Debate Club"
Sports Team,"Debate Club, Art Club"
Coding Club,"Coding Club, Music Club"
Music Club,"Coding Club, Music Club, Art Club, Volunteer Group, Sports Team, Debate Club"
Art Club,"Music Club, Debate Club, Volunteer Group"
Sports Team,"Art Club, Debate Club, Volunteer Group, Sports Team"
Volunteer Group,"Coding Club, Sports Team"
Sports Team,Coding Club
Sports Team,Art Club
Sports Team,Sports Team
Music Club,"Sports Team, Art Club"
Music Club,Music Club
Sports Team,"Art Club, Coding Club, Volunteer Group, Music Club, Sports Team"
Debate Club,"Music Club, Debate Club, Sports Team, Volunteer Group"
Sports Team,"Sports Team, Music Club, Volunteer Group, Debate Club, Coding Club"
Sports Team,"Volunteer Group, Sports Team, Coding Club"
Sports Team,"Coding Club, Sports Team, Volunteer Group"
Music Club,"Music Club, Debate Club, Volunteer Group"
Music Club,"Art Club, Debate Club, Sports Team, Music Club, Volunteer Group"
Sports Team,"Sports Team, Music Club, Volunteer Group, Debate Club, Art Club, Coding Club"
Volunteer Group,"Debate Club, Art Club, Coding Club, Volunteer Group, Music Club"
Art Club,Art Club
Sports Team,"Music Club, Volunteer Group, Coding Club, Art Club"
Sports Team,Coding Club
Volunteer Group,"Debate Club, Coding Club, Art Club, Volunteer Group, Sports Team"
Sports Team,"Sports Team, Debate Club, Volunteer Group, Music Club, Coding Club"
Debate Club,"Art Club, Coding Club"
Music Club,"Music Club, Volunteer Group, Sports Team, Art Club, Debate Club, Coding Club"
Debate Club,"Volunteer Group, Music Club, Art Club, Sports Team, Debate Club, Coding Club"
Coding Club,"Music Club, Art Club"
Art Club,"Music Club, Sports Team"
Coding Club,Art Club
Music Club,"Debate Club, Music Club, Coding Club, Art Club, Sports Team"
Volunteer Group,"Music Club, Debate Club, Art Club"
Volunteer Group,"Sports Team, Debate Club, Volunteer Group"
Coding Club,Volunteer Group
Volunteer Group,"Volunteer Group, Music Club, Sports Team, Art Club, Coding Club, Debate Club"
Music Club,"Debate Club, Volunteer Group, Coding Club, Music Club, Sports Team, Art Club"
Debate Club,Art Club
Debate Club,"Debate Club, Music Club, Sports Team"
Debate Club,"Art Club, Coding Club, Music Club, Volunteer Group, Sports Team, Debate Club"
Volunteer Group,"Sports Team, Music Club, Coding Club"
Sports Team,"Debate Club, Volunteer Group, Coding Club, Art Club"
Volunteer Group,"Debate Club, Sports Team, Volunteer Group, Music Club"
Art Club,"Coding Club, Sports Team, Debate Club, Volunteer Group, Music Club, Art Club"
Art Club,"Sports Team, Debate Club, Volunteer Group, Coding Club"
Debate Club,"Sports Team, Art Club, Volunteer Group, Music Club, Coding Club"
Coding Club,"Volunteer Group, Music Club, Coding Club, Debate Club"
Debate Club,"Debate Club, Volunteer Group, Music Club"
Art Club,"Sports Team, Art Club, Debate Club, Volunteer Group"
Art Club,"Coding Club, Art Club, Sports Team"
Art Club,"Music Club, Volunteer Group, Debate Club, Sports Team"
Music Club,"Sports Team, Coding Club"
Volunteer Group,Coding Club
Music Club,"Coding Club, Sports Team, Art Club, Volunteer Group, Music Club"
Art Club,"Art Club, Music Club, Debate Club, Coding Club, Sports Team, Volunteer Group"
Sports Team,Sports Team
Volunteer Group,Art Club
Art Club,"Debate Club, Volunteer Group, Sports Team, Coding Club"
Music Club,"Art Club, Volunteer Group, Sports Team, Debate Club"
Coding Club,Volunteer Group
Debate Club,Music Club
Music Club,"Art Club, Volunteer Group, Sports Team, Music Club, Debate Club, Coding Club"
Coding Club,"Sports Team, Art Club, Debate Club, Music Club"
Music Club,"Sports Team, Debate Club, Coding Club"
Debate Club,"Sports Team, Debate Club, Volunteer Group"
Debate Club,"Art Club, Debate Club"
Coding Club,"Sports Team, Music Club"
Volunteer Group,"Art Club, Debate Club, Coding Club, Music Club, Volunteer Group"
Coding Club,"Volunteer Group, Art Club, Coding Club, Sports Team, Debate Club"
Music Club,"Volunteer Group, Art Club, Music Club, Sports Team, Coding Club, Debate Club"
Volunteer Group,"Art Club, Coding Club, Volunteer Group, Music Club"
Debate Club,"Music Club, Sports Team"
Music Club,"Debate Club, Music Club, Art Club"
Debate Club,"Sports Team, Debate Club, Volunteer Group, Art Club, Coding Club, Music Club"
Volunteer Group,Coding Club
Debate Club,"Art Club, Debate Club, Coding Club, Music Club"
Coding Club,Volunteer Group
Coding Club,"Art Club, Volunteer Group, Coding Club"
Sports Team,Volunteer Group
Volunteer Group,"Coding Club, Debate Club"
Sports Team,"Debate Club, Coding Club, Art Club, Volunteer Group, Sports Team, Music Club"
Volunteer Group,"Volunteer Group, Sports Team, Coding Club, Art Club, Music Club, Debate Club"
Art Club,"Debate Club, Sports Team, Music Club, Volunteer Group, Coding Club"
Debate Club,"Debate Club, Sports Team, Music Club, Art Club, Coding Club, Volunteer Group"
Debate Club,"Art Club, Debate Club"
Debate Club,"Music Club, Debate Club, Sports Team, Art Club, Volunteer Group"
Music Club,"Debate Club, Music Club, Art Club, Coding Club, Volunteer Group"
Volunteer Group,"Debate Club, Volunteer Group"
Volunteer Group,"Art Club, Music Club, Debate Club"
Debate Club,"Coding Club, Art Club, Music Club, Debate Club, Volunteer Group"
Debate Club,"Coding Club, Sports Team, Debate Club, Music Club"
Art Club,Volunteer Group
Music Club,"Volunteer Group, Sports Team, Debate Club, Music Club, Coding Club"
Sports Team,"Volunteer Group, Art Club, Debate Club, Music Club, Sports Team, Coding Club"
Debate Club,Volunteer Group
Volunteer Group,"Music Club, Art Club, Volunteer Group, Debate Club, Coding Club, Sports Team"
Music Club,"Music Club, Volunteer Group, Debate Club, Sports Team"
Debate Club,"Art Club, Music Club"
Volunteer Group,"Art Club, Sports Team"
Sports Team,"Debate Club, Sports Team, Coding Club, Art Club, Music Club"
Volunteer Group,"Debate Club, Music Club, Volunteer Group, Sports Team"
Debate Club,"Debate Club, Art Club, Sports Team"
Coding Club,"Sports Team, Art Club, Debate Club, Coding Club"
Art Club,"Debate Club, Art Club, Volunteer Group, Music Club"
Art Club,Sports Team
Art Club,"Sports Team, Music Club, Debate Club, Coding Club"
Art Club,"Music Club, Art Club, Volunteer Group"
Sports Team,"Music Club, Volunteer Group, Coding Club, Art Club, Sports Team, Debate Club"
Sports Team,"Coding Club, Music Club"
Music Club,"Debate Club, Music Club"
Sports Team,"Music Club, Volunteer Group, Coding Club, Art Club, Sports Team"
Coding Club,"Sports Team, Coding Club, Debate Club, Art Club"
Volunteer Group,"Sports Team, Music Club, Volunteer Group, Art Club, Debate Club, Coding Club"
Coding Club,"Debate Club, Music Club, Art Club, Sports Team, Volunteer Group"
Sports Team,"Debate Club, Art Club, Sports Team, Volunteer Group, Music Club, Coding Club"
Art Club,"Volunteer Group, Debate Club"
Coding Club,"Sports Team, Coding Club"
Debate Club,"Debate Club, Volunteer Group, Sports Team"
Art Club,"Music Club, Debate Club"
Volunteer Group,"Art Club, Debate Club, Volunteer Group"
Sports Team,"Art Club, Volunteer Group, Music Club, Sports Team, Coding Club, Debate Club"
Sports Team,"Coding Club, Art Club, Sports Team, Volunteer Group, Debate Club"
Sports Team,Volunteer Group
Volunteer Group,"Volunteer Group, Coding Club, Art Club, Sports Team, Debate Club, Music Club"
Volunteer Group,"Sports Team, Art Club"
Art Club,"Sports Team, Debate Club, Music Club"
Music Club,Art Club
Sports Team,"Music Club, Art Club, Coding Club, Volunteer Group, Sports Team, Debate Club"
Music Club,Sports Team
Debate Club,Volunteer Group
Art Club,"Coding Club, Sports Team, Music Club, Debate Club"
Coding Club,"Sports Team, Volunteer Group, Art Club, Coding Club, Music Club, Debate Club"
Debate Club,Music Club
Debate Club,"Debate Club, Music Club, Coding Club, Volunteer Group, Art Club, Sports Team"
Debate Club,"Coding Club, Music Club, Debate Club, Sports Team"
Coding Club,Volunteer Group
Sports Team,"Coding Club, Volunteer Group"
Art Club,"Sports Team, Coding Club"
Debate Club,Volunteer Group
Volunteer Group,"Sports Team, Volunteer Group, Music Club, Coding Club, Art Club"
Debate Club,"Debate Club, Coding Club, Sports Team, Art Club, Music Club, Volunteer Group"
Art Club,"Music Club, Sports Team, Coding Club, Debate Club, Art Club"
Volunteer Group,Art Club
Art Club,"Sports Team, Music Club"
Volunteer Group,"Volunteer Group, Art Club, Music Club"
Volunteer Group,"Volunteer Group, Art Club, Coding Club, Debate Club"
Music Club,"Volunteer Group, Art Club, Sports Team"
Coding Club,Art Club
Music Club,"Art Club, Coding Club"
Music Club,"Art Club, Debate Club, Volunteer Group"
Coding Club,"Sports Team, Art Club"
Volunteer Group,"Coding Club, Debate Club, Volunteer Group, Sports Team, Art Club"
Volunteer Group,"Sports Team, Volunteer Group"
Coding Club,"Sports Team, Art Club, Debate Club, Volunteer Group, Music Club"
Art Club,Volunteer Group
Coding Club,"Volunteer Group, Coding Club, Debate Club, Music Club, Art Club"
Volunteer Group,"Music Club, Debate Club, Coding Club, Art Club, Volunteer Group, Sports Team"
Sports Team,"Music Club, Art Club"
Volunteer Group,"Debate Club, Music Club, Coding Club, Sports Team, Volunteer Group"
Sports Team,Music Club
Music Club,"Sports Team, Art Club, Volunteer Group, Coding Club, Debate Club"
Music Club,"Volunteer Group, Coding Club"
Volunteer Group,"Music Club, Sports Team, Volunteer Group"
Music Club,"Sports Team, Coding Club, Debate Club, Art Club"
Music Club,"Volunteer Group, Art Club, Sports Team, Debate Club"
Debate Club,"Volunteer Group, Sports Team, Music Club, Art Club"
Debate Club,Coding Club
Sports Team,"Sports Team, Art Club, Music Club"
Art Club,"Volunteer Group, Sports Team, Art Club, Coding Club, Debate Club"
Volunteer Group,"Volunteer Group, Coding Club"
Art Club,Sports Team
Music Club,"Volunteer Group, Art Club, Coding Club, Sports Team"
Music Club,Debate Club
Coding Club,"Volunteer Group, Debate Club, Sports Team, Music Club, Art Club, Coding Club"
Sports Team,"Debate Club, Sports Team, Art Club"
Volunteer Group,"Art Club, Music Club, Sports Team"
Art Club,Music Club
Volunteer Group,"Debate Club, Sports Team, Volunteer Group, Coding Club"
Debate Club,Debate Club
Coding Club,Art Club
Art Club,"Music Club, Debate Club, Coding Club"
Art Club,"Sports Team, Volunteer Group"
Debate Club,"Music Club, Coding Club, Sports Team"
Volunteer Group,"Coding Club, Debate Club, Music Club, Volunteer Group, Art Club"
Volunteer Group,Music Club
Coding Club,Music Club
Sports Team,"Art Club, Debate Club"
Volunteer Group,"Music Club, Art Club, Debate Club, Coding Club, Sports Team, Volunteer Group"
Coding Club,"Art Club, Volunteer Group, Debate Club, Sports Team, Coding Club"
Volunteer Group,"Debate Club, Coding Club"
Sports Team,"Coding Club, Music Club"
Coding Club,"Volunteer Group, Art Club, Coding Club, Debate Club, Sports Team, Music Club"
Music Club,"Music Club, Art Club, Volunteer Group"
Music Club,"Sports Team, Coding Club"
Coding Club,"Music Club, Sports Team, Art Club, Coding Club, Volunteer Group"
Volunteer Group,"Debate Club, Art Club, Music Club, Coding Club, Sports Team, Volunteer Group"
Music Club,"Music Club, Art Club, Sports Team, Debate Club"
Debate Club,Volunteer Group
Coding Club,"Art Club, Volunteer Group"
Music Club,"Volunteer Group, Music Club, Art Club, Sports Team, Debate Club, Coding Club"
Music Club,"Music Club, Sports Team, Art Club"
Music Club,"Sports Team, Volunteer Group, Coding Club, Debate Club, Art Club, Music Club"
Volunteer Group,"Sports Team, Volunteer Group, Debate Club, Music Club, Coding Club, Art Club"
Music Club,"Volunteer Group, Sports Team, Music Club, Debate Club, Art Club"
Art Club,Art Club
Music Club,Debate Club
Sports Team,"Coding Club, Music Club, Debate Club, Volunteer Group"
Debate Club,"Volunteer Group, Coding Club, Debate Club, Art Club, Sports Team, Music Club"
Coding Club,Music Club
Music Club,"Sports Team, Music Club, Volunteer Group, Art Club, Debate Club"
Volunteer Group,"Debate Club, Volunteer Group, Coding Club, Sports Team, Music Club, Art Club"
Coding Club,"Volunteer Group, Coding Club, Art Club, Sports Team, Debate Club"
Volunteer Group,"Coding Club, Volunteer Group, Debate Club, Sports Team, Music Club, Art Club"
Art Club,"Music Club, Volunteer Group, Art Club, Sports Team, Debate Club, Coding Club"
Art Club,"Art Club, Coding Club, Music Club, Debate Club, Sports Team"
Debate Club,"Coding Club, Art Club, Debate Club, Sports Team, Music Club, Volunteer Group"
Debate Club,"Debate Club, Music Club, Volunteer Group"
Music Club,"Coding Club, Volunteer Group, Sports Team, Music Club, Debate Club, Art Club"
Art Club,"Coding Club, Art Club, Sports Team, Debate Club, Music Club"
Music Club,"Music Club, Art Club, Debate Club, Sports Team, Volunteer Group, Coding Club"
Debate Club,"Music Club, Sports Team, Debate Club, Coding Club"
Volunteer Group,"Music Club, Sports Team, Coding Club"
Volunteer Group,Debate Club
Coding Club,"Music Club, Sports Team, Coding Club, Art Club"
Coding Club,Music Club
Sports Team,Sports Team
Music Club,"Debate Club, Art Club, Volunteer Group, Sports Team"
Coding Club,"Debate Club, Music Club, Art Club, Coding Club, Sports Team, Volunteer Group"
Debate Club,"Art Club, Sports Team, Debate Club, Coding Club"
Music Club,"Art Club, Music Club, Coding Club, Volunteer Group, Sports Team, Debate Club"
Debate Club,"Art Club, Coding Club, Volunteer Group, Debate Club, Music Club"
Music Club,"Coding Club, Volunteer Group"
Coding Club,"Debate Club, Coding Club, Sports Team, Music Club, Volunteer Group"
Volunteer Group,"Coding Club, Sports Team, Music Club, Debate Club"
Art Club,"Sports Team, Music Club, Art Club, Debate Club, Coding Club"
Art Club,"Sports Team, Volunteer Group"
Art Club,"Volunteer Group, Music Club, Sports Team"
Volunteer Group,"Volunteer Group, Debate Club, Coding Club, Sports Team, Music Club"
Music Club,"Volunteer Group, Coding Club, Debate Club"
Debate Club,"Volunteer Group, Art Club, Coding Club, Sports Team, Music Club"
Music Club,"Sports Team, Art Club"
Volunteer Group,Volunteer Group
Volunteer Group,"Sports Team, Coding Club, Debate Club, Volunteer Group, Music Club"
Art Club,"Volunteer Group, Sports Team, Music Club, Debate Club, Art Club, Coding Club"
Volunteer Group,"Music Club, Debate Club, Art Club, Coding Club"
Art Club,"Music Club, Volunteer Group, Coding Club, Art Club"
Art Club,"Coding Club, Music Club, Sports Team, Volunteer Group, Art Club"
Music Club,"Sports Team, Music Club, Debate Club, Art Club"
Art Club,"Sports Team, Music Club, Coding Club"
Music Club,"Sports Team, Art Club, Volunteer Group"
Art Club,"Volunteer Group, Debate Club"
Volunteer Group,"Coding Club, Music Club, Volunteer Group, Sports Team, Art Club, Debate Club"
Debate Club,"Debate Club, Art Club"
Music Club,"Music Club, Debate Club"
Volunteer Group,"Volunteer Group, Debate Club, Art Club"
Art Club,"Art Club, Volunteer Group, Music Club"
Art Club,"Debate Club, Coding Club, Volunteer Group, Sports Team, Art Club, Music Club"
Debate Club,"Art Club, Volunteer Group, Debate Club, Coding Club"
Debate Club,"Volunteer Group, Art Club"
Music Club,"Debate Club, Music Club, Coding Club, Volunteer Group, Sports Team"
Art Club,"Music Club, Volunteer Group, Debate Club, Coding Club, Art Club"
Debate Club,"Debate Club, Art Club, Sports Team, Music Club, Volunteer Group"
Music Club,"Art Club, Sports Team, Music Club, Coding Club"
Debate Club,Music Club
Music Club,Debate Club
Music Club,"Music Club, Coding Club, Art Club"
Art Club,"Volunteer Group, Music Club, Art Club, Sports Team, Debate Club"
Music Club,"Debate Club, Volunteer Group, Coding Club, Music Club, Art Club, Sports Team"
Coding Club,"Coding Club, Volunteer Group, Debate Club, Music Club, Sports Team"
Music Club,"Debate Club, Music Club"
Volunteer Group,"Music Club, Sports Team, Volunteer Group, Debate Club, Coding Club, Art Club"
Sports Team,"Volunteer Group, Debate Club, Music Club, Sports Team"
Sports Team,"Art Club, Coding Club, Debate Club, Sports Team"
Volunteer Group,"Debate Club, Volunteer Group, Music Club, Sports Team, Coding Club, Art Club"
Music Club,Art Club
Art Club,"Volunteer Group, Art Club"
Art Club,Sports Team
Music Club,"Sports Team, Volunteer Group, Art Club"
Sports Team,"Music Club, Debate Club, Volunteer Group, Art Club, Coding Club"
Debate Club,Coding Club
Music Club,"Coding Club, Art Club, Music Club"
Music Club,"Volunteer Group, Sports Team, Art Club"
Sports Team,"Art Club, Volunteer Group, Sports Team, Debate Club, Music Club, Coding Club"
Debate Club,"Music Club, Art Club, Debate Club, Sports Team, Coding Club, Volunteer Group"
Coding Club,"Art Club, Volunteer Group, Sports Team, Coding Club, Debate Club"
Coding Club,Volunteer Group
Debate Club,"Music Club, Volunteer Group, Debate Club, Sports Team, Art Club"
Music Club,Coding Club
Debate Club,Volunteer Group
Volunteer Group,"Music Club, Coding Club, Volunteer Group, Debate Club, Sports Team"
Coding Club,"Volunteer Group, Art Club"
Art Club,"Coding Club, Debate Club, Volunteer Group, Art Club, Music Club, Sports Team"
Music Club,"Music Club, Art Club, Sports Team"
Music Club,"Music Club, Debate Club, Sports Team, Art Club, Coding Club"
Art Club,"Coding Club, Volunteer Group"
Sports Team,"Sports Team, Coding Club, Art Club, Volunteer Group, Debate Club"
Coding Club,Debate Club
Volunteer Group,"Coding Club, Volunteer Group, Art Club, Music Club, Debate Club, Sports Team"
Music Club,"Volunteer Group, Art Club, Music Club"
Debate Club,"Music Club, Coding Club, Debate Club, Sports Team, Volunteer Group"
Music Club,"Music Club, Sports Team, Volunteer Group, Coding Club, Debate Club"
Coding Club,"Volunteer Group, Debate Club, Sports Team, Coding Club, Art Club, Music Club"
Music Club,"Sports Team, Art Club, Music Club, Debate Club"
Art Club,"Coding Club, Sports Team, Debate Club"
Coding Club,Music Club
Sports Team,"Debate Club, Art Club, Music Club, Volunteer Group"
Music Club,Coding Club
Coding Club,"Sports Team, Debate Club, Music Club"
Sports Team,"Music Club, Debate Club, Art Club"
Debate Club,Volunteer Group
Art Club,"Debate Club, Art Club, Coding Club, Volunteer Group"
Art Club,"Music Club, Volunteer Group, Coding Club, Sports Team, Debate Club"
Debate Club,"Music Club, Volunteer Group"
Volunteer Group,"Debate Club, Coding Club, Sports Team, Volunteer Group"
Sports Team,"Volunteer Group, Debate Club, Sports Team, Coding Club, Art Club"
Art Club,"Coding Club, Music Club, Volunteer Group, Art Club, Sports Team"
Coding Club,Sports Team
Music Club,Art Club
Coding Club,"Debate Club, Music Club, Sports Team, Art Club, Volunteer Group"
Coding Club,Art Club
Sports Team,"Sports Team, Art Club, Debate Club, Volunteer Group, Music Club"
Coding Club,"Art Club, Debate Club, Coding Club, Volunteer Group"
Music Club,Coding Club
Coding Club,"Debate Club, Art Club, Coding Club, Volunteer Group, Sports Team, Music Club"
Volunteer Group,"Music Club, Volunteer Group, Sports Team"
Debate Club,"Art Club, Music Club, Coding Club"
Volunteer Group,"Debate Club, Coding Club, Music Club, Art Club, Sports Team, Volunteer Group"
Music Club,"Volunteer Group, Debate Club, Music Club, Art Club, Sports Team, Coding Club"
Volunteer Group,Sports Team
Music Club,"Sports Team, Coding Club, Art Club, Debate Club, Music Club, Volunteer Group"
Art Club,"Music Club, Coding Club, Debate Club, Sports Team, Volunteer Group"
Volunteer Group,"Volunteer Group, Sports Team, Debate Club, Music Club"
Coding Club,Sports Team
Debate Club,"Volunteer Group, Coding Club, Music Club, Sports Team, Art Club"
Sports Team,"Music Club, Volunteer Group, Sports Team, Debate Club"
Music Club,"Volunteer Group, Coding Club, Music Club, Debate Club, Art Club, Sports Team"
Sports Team,Debate Club
Music Club,"Music Club, Debate Club, Volunteer Group, Coding Club, Sports Team"
Coding Club,"Music Club, Volunteer Group, Sports Team"
Coding Club,"Coding Club, Volunteer Group, Debate Club, Music Club, Sports Team, Art Club"
Volunteer Group,"Sports Team, Volunteer Group"
Coding Club,"Music Club, Volunteer Group"
Sports Team,Coding Club
Music Club,"Debate Club, Volunteer Group, Art Club"
Debate Club,"Art Club, Coding Club, Music Club, Volunteer Group, Sports Team, Debate Club"
Debate Club,"Sports Team, Volunteer Group, Music Club"
Volunteer Group,Coding Club
Music Club,"Sports Team, Volunteer Group"
Sports Team,"Music Club, Volunteer Group"
Sports Team,"Music Club, Debate Club, Sports Team"
Art Club,"Music Club, Art Club"
Debate Club,"Volunteer Group, Music Club"
Music Club,"Sports Team, Music Club"
Debate Club,"Art Club, Debate Club, Music Club, Sports Team"
Music Club,"Music Club, Debate Club, Volunteer Group"
Art Club,"Volunteer Group, Music Club, Coding Club, Debate Club"
Music Club,"Volunteer Group, Music Club, Coding Club, Sports Team, Debate Club"
Art Club,"Sports Team, Music Club, Debate Club, Art Club, Coding Club"
Sports Team,"Volunteer Group, Coding Club, Sports Team, Debate Club, Music Club, Art Club"
Music Club,"Art Club, Coding Club, Debate Club"
Debate Club,Volunteer Group
Music Club,"Volunteer Group, Coding Club, Art Club"
Sports Team,"Music Club, Volunteer Group, Art Club, Coding Club, Debate Club, Sports Team"
Volunteer Group,"Coding Club, Art Club, Music Club"
Coding Club,"Coding Club, Music Club, Debate Club, Art Club"
Debate Club,"Debate Club, Sports Team, Volunteer Group, Coding Club, Music Club"
Coding Club,"Coding Club, Music Club, Art Club, Debate Club"
Music Club,Debate Club
Sports Team,"Sports Team, Coding Club, Debate Club, Volunteer Group, Music Club, Art Club"
Sports Team,"Sports Team, Art Club, Volunteer Group, Coding Club"
Music Club,"Music Club, Debate Club, Art Club, Volunteer Group, Coding Club"
Coding Club,"Music Club, Coding Club, Sports Team, Volunteer Group, Art Club"
Debate Club,"Volunteer Group, Art Club"
Music Club,"Music Club, Art Club, Coding Club"
Music Club,"Debate Club, Music Club, Volunteer Group"
Debate Club,"Sports Team, Debate Club, Music Club"
Volunteer Group,Coding Club
Art Club,"Debate Club, Music Club, Sports Team, Art Club, Volunteer Group"
Music Club,"Sports Team, Debate Club, Volunteer Group, Music Club"
Coding Club,"Debate Club, Music Club, Coding Club, Sports Team, Volunteer Group, Art Club"
Coding Club,"Debate Club, Sports Team, Art Club"
Debate Club,"Debate Club, Sports Team, Music Club, Coding Club"
Sports Team,"Volunteer Group, Music Club"
Music Club,Sports Team
Music Club,"Volunteer Group, Debate Club, Coding Club, Sports Team"
Sports Team,"Volunteer Group, Sports Team, Debate Club, Coding Club, Music Club"
Music Club,"Debate Club, Sports Team"
Sports Team,"Coding Club, Music Club, Volunteer Group"
Debate Club,"Coding Club, Volunteer Group"
Debate Club,"Coding Club, Debate Club"
Coding Club,"Art Club, Sports Team, Coding Club, Volunteer Group, Music Club"
Art Club,"Sports Team, Music Club, Coding Club, Volunteer Group"
Coding Club,"Sports Team, Volunteer Group"
Music Club,"Art Club, Debate Club, Coding Club, Music Club"
Sports Team,"Volunteer Group, Music Club, Sports Team, Art Club, Coding Club"
Sports Team,"Sports Team, Art Club, Volunteer Group, Music Club"
Debate Club,"Volunteer Group, Art Club, Music Club, Debate Club"
Sports Team,"Sports Team, Art Club, Music Club, Volunteer Group"
Sports Team,"Debate Club, Art Club, Volunteer Group"
Debate Club,"Music Club, Volunteer Group, Sports Team, Coding Club, Debate Club, Art Club"
Coding Club,Art Club
Music Club,"Art Club, Volunteer Group"
Coding Club,"Debate Club, Coding Club, Volunteer Group, Sports Team"
Art Club,"Volunteer Group, Sports Team, Music Club, Debate Club, Coding Club, Art Club"
Coding Club,"Music Club, Volunteer Group, Art Club, Sports Team, Debate Club, Coding Club"
Volunteer Group,"Art Club, Sports Team"
Music Club,"Volunteer Group, Art Club, Debate Club"
Volunteer Group,"Sports Team, Coding Club"
Art Club,Coding Club
Sports Team,Sports Team
Debate Club,"Art Club, Coding Club, Volunteer Group, Debate Club, Music Club"
Debate Club,Coding Club
Art Club,"Sports Team, Debate Club, Art Club, Volunteer Group, Coding Club"
Music Club,Coding Club
Debate Club,Sports Team
Debate Club,"Sports Team, Music Club, Art Club"
Volunteer Group,"Sports Team, Music Club, Art Club, Volunteer Group, Debate Club, Coding Club"
Debate Club,"Sports Team, Volunteer Group"
Sports Team,"Coding Club, Music Club, Volunteer Group"
Music Club,"Debate Club, Art Club, Sports Team, Volunteer Group"
Music Club,Music Club
Coding Club,"Coding Club, Sports Team, Volunteer Group"
Music Club,"Sports Team, Debate Club, Art Club"
Debate Club,"Coding Club, Volunteer Group, Sports Team"
Sports Team,"Art Club, Sports Team, Debate Club, Music Club, Coding Club"
Sports Team,"Coding Club, Sports Team"
Music Club,"Debate Club, Volunteer Group, Art Club, Sports Team, Music Club"
Coding Club,"Volunteer Group, Debate Club, Sports Team, Coding Club"
Debate Club,"Art Club, Music Club"
Sports Team,"Debate Club, Music Club, Volunteer Group"
Art Club,"Sports Team, Volunteer Group"
Music Club,"Music Club, Debate Club, Sports Team, Coding Club, Volunteer Group, Art Club"
Art Club,"Coding Club, Art Club, Volunteer Group, Music Club, Sports Team"
Coding Club,"Music Club, Sports Team, Coding Club, Volunteer Group, Art Club"
Volunteer Group,"Coding Club, Debate Club, Music Club"
Art Club,Debate Club
Music Club,"Music Club, Sports Team"
Music Club,"Debate Club, Coding Club, Music Club"
Sports Team,"Sports Team, Debate Club, Art Club, Volunteer Group"
Debate Club,"Sports Team, Coding Club, Debate Club, Art Club, Music Club, Volunteer Group"
Sports Team,"Sports Team, Debate Club"
Music Club,"Music Club, Volunteer Group, Coding Club"
Sports Team,"Sports Team, Volunteer Group, Art Club, Coding Club"
Art Club,"Coding Club, Art Club, Volunteer Group"
Debate Club,"Art Club, Sports Team"
Music Club,"Music Club, Coding Club, Debate Club, Volunteer Group, Sports Team"
Coding Club,"Debate Club, Volunteer Group, Art Club, Music Club, Coding Club, Sports Team"
Music Club,"Debate Club, Sports Team"
Art Club,"Debate Club, Art Club, Coding Club, Sports Team"
Coding Club,"Debate Club, Sports Team, Art Club, Music Club, Volunteer Group"
Debate Club,"Debate Club, Coding Club, Music Club, Volunteer Group, Art Club"
Debate Club,"Debate Club, Art Club, Sports Team, Music Club, Volunteer Group, Coding Club"
Sports Team,"Coding Club, Art Club, Music Club, Sports Team, Volunteer Group"
Sports Team,"Music Club, Volunteer Group, Sports Team, Coding Club, Art Club, Debate Club"
Coding Club,Art Club
Sports Team,"Music Club, Volunteer Group, Debate Club, Sports Team, Art Club"
Art Club,"Coding Club, Art Club"
Debate Club,"Volunteer Group, Coding Club, Debate Club, Art Club"
Sports Team,"Sports Team, Volunteer Group, Art Club, Coding Club"
Debate Club,"Music Club, Art Club, Coding Club"
Music Club,"Debate Club, Sports Team"
Coding Club,"Debate Club, Sports Team, Music Club"
Volunteer Group,"Music Club, Art Club, Debate Club"
Sports Team,"Music Club, Sports Team, Debate Club, Art Club, Coding Club, Volunteer Group"
Coding Club,Coding Club
Debate Club,"Coding Club, Music Club, Art Club, Sports Team, Volunteer Group"
Debate Club,"Volunteer Group, Sports Team"
Volunteer Group,Coding Club
Music Club,"Coding Club, Debate Club, Volunteer Group, Art Club, Music Club, Sports Team"
Music Club,Coding Club
Debate Club,"Sports Team, Debate Club, Volunteer Group, Coding Club"
Coding Club,"Sports Team, Debate Club, Music Club, Art Club, Volunteer Group"
Sports Team,"Music Club, Volunteer Group, Coding Club, Art Club"
Debate Club,Volunteer Group
Sports Team,"Debate Club, Art Club, Music Club, Sports Team, Volunteer Group, Coding Club"
Coding Club,Coding Club
Art Club,"Coding Club, Sports Team, Art Club, Debate Club, Music Club, Volunteer Group"
Art Club,"Coding Club, Art Club, Sports Team, Debate Club, Music Club"
Music Club,"Music Club, Volunteer Group, Art Club, Sports Team, Coding Club"
Volunteer Group,"Music Club, Art Club, Sports Team, Coding Club, Volunteer Group, Debate Club"
Art Club,"Debate Club, Music Club, Volunteer Group, Sports Team, Art Club"
Art Club,"Music Club, Art Club, Sports Team, Debate Club"
Art Club,"Coding Club, Art Club, Sports Team"
Music Club,"Music Club, Art Club, Coding Club, Sports Team, Debate Club"
Debate Club,"Debate Club, Art Club"
Coding Club,Art Club
Music Club,"Art Club, Volunteer Group, Coding Club"
Volunteer Group,"Art Club, Debate Club, Music Club, Sports Team, Coding Club, Volunteer Group"
Volunteer Group,"Debate Club, Coding Club, Art Club, Volunteer Group, Music Club"
Sports Team,"Volunteer Group, Coding Club, Sports Team"
Volunteer Group,"Art Club, Sports Team"
Music Club,"Volunteer Group, Sports Team, Music Club, Art Club, Coding Club"
Debate Club,"Coding Club, Art Club, Music Club, Volunteer Group"
Coding Club,"Art Club, Sports Team, Debate Club, Coding Club, Music Club, Volunteer Group"
Debate Club,"Debate Club, Volunteer Group, Music Club, Art Club"
Debate Club,"Volunteer Group, Art Club, Music Club, Sports Team, Coding Club, Debate Club"
Volunteer Group,"Volunteer Group, Coding Club"
Sports Team,Sports Team
Debate Club,"Volunteer Group, Debate Club"
Volunteer Group,"Art Club, Music Club, Sports Team"
Art Club,"Debate Club, Music Club, Sports Team, Volunteer Group, Coding Club"
Sports Team,Art Club
Music Club,"Sports Team, Coding Club, Music Club, Debate Club, Volunteer Group, Art Club"
Sports Team,Art Club
Debate Club,Debate Club
Sports Team,"Art Club, Coding Club, Sports Team, Music Club, Volunteer Group"
Coding Club,"Volunteer Group, Music Club, Coding Club, Debate Club, Sports Team"
Sports Team,"Volunteer Group, Debate Club, Music Club, Sports Team"
Sports Team,"Coding Club, Sports Team"
Volunteer Group,"Art Club, Sports Team"
Art Club,"Debate Club, Sports Team, Volunteer Group, Art Club, Coding Club, Music Club"
Music Club,"Music Club, Art Club, Sports Team, Coding Club"
Debate Club,"Debate Club, Music Club, Coding Club, Volunteer Group"
Debate Club,"Sports Team, Debate Club"
Sports Team,"Music Club, Coding Club"
Debate Club,"Volunteer Group, Coding Club, Music Club, Debate Club"
Music Club,Debate Club
Debate Club,"Music Club, Coding Club, Sports Team, Debate Club"
Art Club,"Volunteer Group, Art Club"
Sports Team,"Music Club, Coding Club, Volunteer Group, Sports Team"
Sports Team,"Coding Club, Art Club, Volunteer Group, Debate Club, Sports Team"
Coding Club,"Music Club, Volunteer Group, Debate Club, Art Club, Sports Team"
Music Club,Sports Team
Volunteer Group,Art Club
Volunteer Group,"Volunteer Group, Debate Club, Coding Club, Art Club, Sports Team"
Music Club,"Coding Club, Sports Team, Debate Club, Music Club"
Volunteer Group,"Debate Club, Coding Club, Music Club, Sports Team, Art Club, Volunteer Group"
Music Club,"Sports Team, Art Club, Music Club"
Music Club,"Debate Club, Music Club, Sports Team, Coding Club"
Sports Team,"Sports Team, Debate Club"
Art Club,"Volunteer Group, Art Club, Music Club"
Coding Club,"Volunteer Group, Art Club, Debate Club, Sports Team, Coding Club, Music Club"
Music Club,"Coding Club, Sports Team"
Debate Club,Debate Club
Debate Club,"Sports Team, Art Club"
Debate Club,"Music Club, Volunteer Group, Debate Club, Coding Club, Art Club, Sports Team"
Coding Club,"Art Club, Debate Club, Music Club, Sports Team, Coding Club, Volunteer Group"
Volunteer Group,"Music Club, Volunteer Group"
Art Club,"Volunteer Group, Debate Club, Music Club, Art Club, Coding Club"
Volunteer Group,Volunteer Group
Coding Club,"Volunteer Group, Art Club, Debate Club, Coding Club, Sports Team"
Volunteer Group,"Debate Club, Music Club, Art Club, Coding Club, Volunteer Group"
Art Club,"Art Club, Coding Club, Sports Team, Volunteer Group"
Coding Club,"Coding Club, Art Club, Debate Club, Sports Team, Volunteer Group, Music Club"
Sports Team,"Coding Club, Music Club, Sports Team, Art Club, Volunteer Group, Debate Club"
Volunteer Group,"Volunteer Group, Coding Club, Debate Club, Sports Team, Art Club"
Coding Club,Coding Club
Volunteer Group,"Coding Club, Art Club, Sports Team, Music Club, Debate Club, Volunteer Group"
Art Club,"Volunteer Group, Sports Team, Art Club, Debate Club, Coding Club"
Music Club,"Volunteer Group, Music Club, Debate Club, Sports Team, Coding Club"
Volunteer Group,"Volunteer Group, Art Club, Music Club, Sports Team"
Music Club,Music Club
Volunteer Group,"Art Club, Sports Team"
Debate Club,"Volunteer Group, Debate Club, Art Club"
Coding Club,"Debate Club, Coding Club, Art Club, Music Club"
Music Club,"Coding Club, Debate Club, Music Club, Art Club, Sports Team, Volunteer Group"
Volunteer Group,"Coding Club, Sports Team, Art Club, Music Club, Debate Club, Volunteer Group"
Debate Club,"Debate Club, Sports Team, Volunteer Group, Music Club"
Art Club,"Coding Club, Art Club, Debate Club, Volunteer Group, Music Club"
Music Club,Art Club
Music Club,"Art Club, Volunteer Group, Coding Club, Debate Club, Sports Team, Music Club"
Music Club,"Art Club, Sports Team"
Volunteer Group,Volunteer Group
Sports Team,"Coding Club, Music Club"
Art Club,"Coding Club, Debate Club, Music Club, Volunteer Group, Sports Team, Art Club"
Volunteer Group,"Art Club, Volunteer Group"
Debate Club,"Coding Club, Debate Club, Music Club, Art Club, Sports Team, Volunteer Group"
Volunteer Group,"Art Club, Coding Club, Volunteer Group, Sports Team, Music Club, Debate Club"
Coding Club,Volunteer Group
Music Club,"Sports Team, Debate Club, Art Club, Coding Club, Music Club, Volunteer Group"
Music Club,"Volunteer Group, Debate Club, Coding Club, Sports Team, Art Club"
Coding Club,"Coding Club, Debate Club, Sports Team, Music Club, Volunteer Group"
Coding Club,"Volunteer Group, Music Club"
Sports Team,"Coding Club, Volunteer Group, Debate Club"
Art Club,"Coding Club, Volunteer Group, Debate Club"
Coding Club,"Art Club, Debate Club, Coding Club, Sports Team, Volunteer Group, Music Club"
Volunteer Group,"Coding Club, Sports Team"
Debate Club,Music Club
Art Club,"Coding Club, Art Club, Volunteer Group, Sports Team"
Sports Team,"Music Club, Sports Team, Art Club, Coding Club, Volunteer Group, Debate Club"
Coding Club,"Volunteer Group, Coding Club, Music Club, Sports Team, Debate Club"
Coding Club,"Coding Club, Music Club, Volunteer Group, Art Club, Sports Team"
Volunteer Group,"Volunteer Group, Art Club, Sports Team"
Coding Club,"Art Club, Debate Club"
Volunteer Group,"Music Club, Coding Club, Art Club"
Volunteer Group,"Volunteer Group, Art Club, Debate Club, Sports Team, Music Club"
Coding Club,"Coding Club, Volunteer Group, Debate Club, Music Club"
Sports Team,"Sports Team, Debate Club"
Art Club,"Debate Club, Music Club, Volunteer Group, Sports Team"
Art Club,"Volunteer Group, Art Club, Music Club, Sports Team, Debate Club, Coding Club"
Volunteer Group,"Music Club, Sports Team, Coding Club, Art Club"
Volunteer Group,"Debate Club, Coding Club"
Coding Club,"Debate Club, Music Club, Volunteer Group"
Music Club,"Debate Club, Volunteer Group, Art Club, Sports Team, Music Club, Coding Club"
Coding Club,Volunteer Group
Music Club,"Volunteer Group, Debate Club"
Coding Club,"Music Club, Volunteer Group"
Debate Club,"Coding Club, Debate Club, Sports Team"
Volunteer Group,"Debate Club, Coding Club, Music Club, Volunteer Group"
Sports Team,"Sports Team, Music Club, Volunteer Group, Coding Club, Debate Club"
Volunteer Group,"Coding Club, Debate Club, Volunteer Group, Art Club, Music Club, Sports Team"
Art Club,"Sports Team, Debate Club"
Sports Team,"Sports Team, Volunteer Group, Debate Club"
Art Club,"Sports Team, Art Club, Coding Club, Volunteer Group, Debate Club"
Music Club,Music Club
Debate Club,"Coding Club, Debate Club, Sports Team, Art Club"
Art Club,Sports Team
Art Club,"Music Club, Volunteer Group"
Art Club,"Art Club, Coding Club"
Music Club,"Coding Club, Sports Team"
Music Club,"Sports Team, Music Club, Coding Club, Art Club, Debate Club"
Music Club,"Art Club, Music Club, Coding Club, Volunteer Group, Sports Team, Debate Club"
Music Club,"Debate Club, Music Club, Coding Club, Art Club"
Coding Club,"Music Club, Coding Club, Art Club, Volunteer Group, Sports Team, Debate Club"
Debate Club,Debate Club
Sports Team,"Music Club, Coding Club, Art Club"
Music Club,"Music Club, Volunteer Group, Sports Team, Coding Club, Debate Club, Art Club"
Debate Club,Music Club
Volunteer Group,"Music Club, Sports Team, Debate Club, Volunteer Group, Art Club, Coding Club"
Music Club,"Coding Club, Art Club, Volunteer Group, Sports Team, Music Club"
Art Club,Coding Club
Art Club,"Debate Club, Sports Team"
Debate Club,"Debate Club, Art Club, Sports Team, Coding Club"
Debate Club,"Sports Team, Debate Club, Coding Club"
Volunteer Group,"Art Club, Volunteer Group, Coding Club, Debate Club, Music Club, Sports Team"
Art Club,"Sports Team, Art Club"
Sports Team,Debate Club
Coding Club,"Music Club, Coding Club, Sports Team, Debate Club"
Debate Club,"Debate Club, Coding Club, Volunteer Group"
Coding Club,"Volunteer Group, Art Club, Coding Club, Sports Team, Music Club"
Sports Team,"Sports Team, Coding Club"
Art Club,Art Club
Art Club,"Volunteer Group, Music Club, Art Club, Coding Club, Debate Club, Sports Team"
Volunteer Group,"Art Club, Music Club"
Volunteer Group,"Music Club, Coding Club, Debate Club"
Debate Club,"Art Club, Music Club"
Volunteer Group,"Music Club, Art Club, Coding Club, Debate Club, Sports Team, Volunteer Group"
Volunteer Group,"Music Club, Debate Club, Coding Club, Sports Team, Volunteer Group"
Music Club,Volunteer Group
Volunteer Group,"Debate Club, Music Club"
Volunteer Group,"Volunteer Group, Debate Club"
Volunteer Group,"Debate Club, Music Club, Coding Club, Sports Team, Volunteer Group"
Debate Club,"Sports Team, Art Club"
Music Club,"Sports Team, Music Club, Coding Club, Volunteer Group, Debate Club, Art Club"
Art Club,Debate Club
Music Club,Music Club
Art Club,"Art Club, Music Club, Sports Team, Coding Club"
Sports Team,"Art Club, Music Club, Coding Club"
Debate Club,Coding Club
Art Club,"Coding Club, Sports Team, Music Club, Volunteer Group, Art Club, Debate Club"
Music Club,"Art Club, Debate Club, Volunteer Group"
Coding Club,"Music Club, Volunteer Group"
Coding Club,"Music Club, Volunteer Group, Art Club, Coding Club, Sports Team"
Sports Team,"Coding Club, Music Club, Sports Team, Volunteer Group, Debate Club, Art Club"
Coding Club,"Volunteer Group, Music Club, Sports Team, Coding Club, Art Club, Debate Club"
Debate Club,Debate Club
Coding Club,Art Club
Debate Club,Debate Club
Volunteer Group,"Debate Club, Sports Team, Volunteer Group, Music Club"
Art Club,"Sports Team, Volunteer Group, Coding Club, Music Club, Debate Club"
Coding Club,Volunteer Group
Music Club,"Volunteer Group, Coding Club, Sports Team, Debate Club, Music Club, Art Club"
Volunteer Group,"Coding Club, Art Club, Music Club"
Sports Team,"Music Club, Sports Team, Coding Club"
Debate Club,Sports Team
Debate Club,"Coding Club, Debate Club, Music Club"
Sports Team,"Coding Club, Music Club, Art Club, Sports Team, Volunteer Group"
Debate Club,"Sports Team, Debate Club, Music Club, Art Club, Coding Club, Volunteer Group"
Debate Club,"Debate Club, Volunteer Group, Coding Club"
Debate Club,"Volunteer Group, Debate Club, Sports Team, Art Club"
Sports Team,"Volunteer Group, Art Club, Debate Club, Coding Club, Music Club, Sports Team"
Music Club,"Sports Team, Volunteer Group, Debate Club, Music Club, Art Club"
Volunteer Group,"Music Club, Sports Team"
Art Club,"Debate Club, Art Club"
Volunteer Group,"Debate Club, Art Club"
Volunteer Group,"Music Club, Sports Team, Debate Club, Art Club, Volunteer Group"
Sports Team,"Sports Team, Volunteer Group, Music Club, Debate Club, Art Club"
Volunteer Group,"Art Club, Sports Team, Music Club, Debate Club, Coding Club"
Coding Club,"Music Club, Art Club, Sports Team, Debate Club, Coding Club, Volunteer Group"
Sports Team,"Art Club, Volunteer Group, Sports Team"
Art Club,"Debate Club, Sports Team, Art Club, Coding Club, Volunteer Group, Music Club"
Debate Club,"Coding Club, Sports Team"
Music Club,"Volunteer Group, Music Club, Art Club, Coding Club"
Debate Club,"Sports Team, Coding Club, Art Club, Volunteer Group, Debate Club, Music Club"
Debate Club,"Debate Club, Sports Team, Music Club, Coding Club, Art Club, Volunteer Group"
Debate Club,"Sports Team, Art Club"
Volunteer Group,"Volunteer Group, Coding Club, Debate Club"
Coding Club,"Debate Club, Music Club"
Sports Team,"Debate Club, Art Club"
Debate Club,"Art Club, Sports Team, Coding Club, Volunteer Group, Debate Club"
Coding Club,Volunteer Group
Sports Team,"Debate Club, Coding Club, Music Club, Volunteer Group, Art Club, Sports Team"
Coding Club,"Sports Team, Art Club, Debate Club, Volunteer Group"
Art Club,"Music Club, Coding Club, Debate Club"
Music Club,"Music Club, Coding Club, Debate Club, Volunteer Group"
Debate Club,"Sports Team, Coding Club, Debate Club"
Art Club,"Debate Club, Art Club, Music Club"
Volunteer Group,Music Club
Sports Team,"Volunteer Group, Debate Club, Music Club, Sports Team"
Music Club,"Volunteer Group, Coding Club"
Coding Club,"Sports Team, Volunteer Group"
Art Club,"Volunteer Group, Music Club, Art Club, Coding Club, Debate Club"
Art Club,"Coding Club, Sports Team, Debate Club, Music Club, Art Club, Volunteer Group"
Volunteer Group,"Debate Club, Music Club, Coding Club, Sports Team, Art Club"
Volunteer Group,"Sports Team, Art Club, Debate Club, Coding Club, Volunteer Group, Music Club"
Debate Club,"Art Club, Debate Club"
Art Club,"Debate Club, Art Club, Music Club, Sports Team, Coding Club"
Art Club,Debate Club
Volunteer Group,"Debate Club, Coding Club, Music Club, Sports Team, Art Club, Volunteer Group"
Art Club,"Art Club, Volunteer Group, Coding Club, Music Club, Sports Team, Debate Club"
Coding Club,"Art Club, Volunteer Group, Sports Team"
Coding Club,"Coding Club, Art Club, Music Club, Debate Club"
Sports Team,"Art Club, Debate Club, Coding Club, Music Club, Sports Team, Volunteer Group"
Coding Club,"Music Club, Coding Club"
Volunteer Group,"Volunteer Group, Art Club, Debate Club, Music Club, Coding Club"
Art Club,"Coding Club, Sports Team"
Debate Club,Coding Club
Debate Club,"Music Club, Sports Team, Coding Club, Debate Club, Volunteer Group, Art Club"
Sports Team,"Coding Club, Volunteer Group, Art Club, Music Club"
Art Club,"Sports Team, Debate Club, Coding Club, Volunteer Group, Art Club, Music Club"
Music Club,"Music Club, Volunteer Group, Sports Team, Debate Club, Coding Club"
Volunteer Group,Music Club
Volunteer Group,"Coding Club, Sports Team, Volunteer Group, Debate Club, Art Club, Music Club"
Art Club,"Art Club, Debate Club, Coding Club, Music Club, Sports Team, Volunteer Group"
Art Club,"Art Club, Sports Team, Debate Club, Coding Club"
Coding Club,Debate Club
Sports Team,"Sports Team, Art Club"
Music Club,Art Club
Sports Team,Music Club
Volunteer Group,"Volunteer Group, Art Club, Sports Team, Debate Club, Coding Club, Music Club"
Coding Club,"Debate Club, Sports Team, Art Club, Music Club, Volunteer Group, Coding Club"
Debate Club,"Sports Team, Art Club, Volunteer Group, Coding Club"
Music Club,"Sports Team, Art Club"
Debate Club,"Sports Team, Coding Club, Debate Club, Music Club"
Coding Club,"Volunteer Group, Debate Club"
Debate Club,"Art Club, Music Club"
Coding Club,"Debate Club, Art Club, Music Club"
Sports Team,"Volunteer Group, Coding Club, Debate Club, Music Club, Sports Team, Art Club"
Music Club,"Debate Club, Coding Club, Sports Team"
Sports Team,"Music Club, Art Club, Sports Team"
Music Club,Sports Team
Music Club,"Music Club, Debate Club, Coding Club, Sports Team, Art Club, Volunteer Group"
Art Club,"Music Club, Debate Club, Sports Team, Volunteer Group"
Debate Club,"Volunteer Group, Music Club, Coding Club, Art Club, Debate Club"
Coding Club,"Coding Club, Debate Club, Sports Team, Music Club, Volunteer Group, Art Club"
Music Club,"Coding Club, Volunteer Group, Sports Team"
Volunteer Group,"Art Club, Sports Team"
Debate Club,"Volunteer Group, Coding Club, Art Club, Sports Team, Music Club"
Music Club,Debate Club
Volunteer Group,"Coding Club, Debate Club, Art Club"
Music Club,"Sports Team, Debate Club, Music Club, Volunteer Group"
Coding Club,"Sports Team, Art Club, Volunteer Group, Debate Club"
Art Club,"Art Club, Coding Club, Debate Club"
Sports Team,"Volunteer Group, Coding Club, Sports Team"
Sports Team,Music Club
Art Club,"Coding Club, Art Club"
Art Club,"Volunteer Group, Sports Team, Music Club"
Music Club,"Music Club, Sports Team, Art Club, Debate Club"
Music Club,"Music Club, Debate Club, Sports Team"
Music Club,"Music Club, Sports Team"
Art Club,"Art Club, Debate Club, Volunteer Group, Sports Team, Music Club, Coding Club"
Art Club,"Debate Club, Volunteer Group, Music Club, Art Club, Coding Club, Sports Team"
Music Club,"Coding Club, Music Club, Debate Club"
Art Club,Music Club
Debate Club,"Sports Team, Volunteer Group, Music Club, Debate Club, Art Club"
Sports Team,"Music Club, Sports Team, Coding Club, Art Club, Debate Club, Volunteer Group"
Art Club,"Art Club, Music Club, Debate Club, Coding Club"
Art Club,"Art Club, Coding Club, Volunteer Group, Debate Club"
Sports Team,"Art Club, Volunteer Group, Music Club, Sports Team, Coding Club"
Music Club,"Music Club, Sports Team, Art Club"
Sports Team,Music Club
Sports Team,Sports Team
Art Club,Sports Team
Art Club,"Volunteer Group, Coding Club, Music Club, Sports Team, Art Club"
Debate Club,"Music Club, Debate Club, Art Club, Sports Team"
Coding Club,"Debate Club, Coding Club, Sports Team, Music Club"
Volunteer Group,"Coding Club, Debate Club, Volunteer Group, Music Club, Sports Team"
Volunteer Group,"Sports Team, Art Club, Music Club, Debate Club, Volunteer Group, Coding Club"
Coding Club,Coding Club
Debate Club,"Debate Club, Volunteer Group"
Sports Team,"Art Club, Volunteer Group, Sports Team, Debate Club"
Sports Team,"Music Club, Art Club, Coding Club, Sports Team"
Debate Club,"Coding Club, Sports Team, Volunteer Group, Art Club, Debate Club, Music Club"
Debate Club,"Coding Club, Debate Club, Volunteer Group, Art Club"
Sports Team,"Art Club, Coding Club, Music Club, Volunteer Group, Sports Team"
Debate Club,Debate Club
Debate Club,"Sports Team, Debate Club, Volunteer Group"
Music Club,"Coding Club, Music Club"
Music Club,"Music Club, Volunteer Group, Coding Club, Sports Team"
Music Club,"Coding Club, Debate Club, Art Club, Music Club"
Coding Club,Debate Club
Sports Team,"Coding Club, Debate Club, Sports Team, Art Club, Volunteer Group"
Sports Team,"Coding Club, Music Club, Sports Team, Volunteer Group, Art Club, Debate Club"
Sports Team,"Music Club, Art Club"
Art Club,"Sports Team, Coding Club"
Debate Club,Volunteer Group
Art Club,"Debate Club, Art Club"
Debate Club,"Coding Club, Music Club, Art Club"
Debate Club,"Debate Club, Coding Club, Volunteer Group, Art Club"
Art Club,"Art Club, Coding Club, Volunteer Group, Debate Club, Sports Team, Music Club"
Debate Club,"Art Club, Volunteer Group"
Music Club,Volunteer Group
Coding Club,"Music Club, Art Club, Sports Team, Coding Club, Debate Club, Volunteer Group"
Music Club,"Debate Club, Sports Team, Art Club"
Debate Club,"Music Club, Coding Club, Sports Team, Debate Club, Art Club, Volunteer Group"
Coding Club,"Volunteer Group, Coding Club"
Art Club,"Coding Club, Debate Club, Music Club, Sports Team, Volunteer Group"
Volunteer Group,"Volunteer Group, Art Club"
Volunteer Group,"Sports Team, Music Club, Art Club"
Coding Club,"Art Club, Sports Team, Coding Club, Debate Club, Music Club, Volunteer Group"
Music Club,"Sports Team, Coding Club"
Debate Club,Art Club
Art Club,Debate Club
Coding Club,"Volunteer Group, Art Club, Sports Team"
Debate Club,"Volunteer Group, Art Club, Coding Club, Music Club"
Sports Team,"Coding Club, Debate Club, Music Club, Volunteer Group, Art Club, Sports Team"
Debate Club,"Debate Club, Music Club, Coding Club"
Debate Club,"Volunteer Group, Music Club, Sports Team, Art Club, Coding Club, Debate Club"
Coding Club,"Art Club, Coding Club, Volunteer Group, Debate Club, Sports Team"
Volunteer Group,"Music Club, Debate Club, Sports Team, Volunteer Group"
Debate Club,"Sports Team, Volunteer Group, Coding Club"
Music Club,"Art Club, Sports Team, Coding Club, Volunteer Group, Music Club"
Music Club,"Volunteer Group, Coding Club, Sports Team, Debate Club"
Sports Team,"Coding Club, Art Club, Music Club, Debate Club"
Volunteer Group,"Music Club, Art Club"
Art Club,"Coding Club, Art Club, Debate Club, Volunteer Group, Music Club, Sports Team"
Music Club,Volunteer Group
Music Club,Sports Team
Volunteer Group,Volunteer Group
Music Club,"Art Club, Volunteer Group, Coding Club, Debate Club, Sports Team, Music Club"
Volunteer Group,"Coding Club, Art Club, Debate Club, Music Club, Volunteer Group, Sports Team"
Art Club,"Volunteer Group, Art Club"
Coding Club,"Music Club, Coding Club"
Volunteer Group,"Coding Club, Volunteer Group, Art Club, Debate Club, Sports Team, Music Club"
Sports Team,"Music Club, Sports Team"
Art Club,"Art Club, Music Club, Debate Club, Coding Club, Volunteer Group"
Art Club,Volunteer Group
Sports Team,Coding Club
Sports Team,Art Club
Sports Team,"Music Club, Debate Club, Art Club, Coding Club, Sports Team, Volunteer Group"
Music Club,"Music Club, Debate Club, Volunteer Group"
Art Club,"Sports Team, Coding Club, Debate Club, Art Club, Music Club"
Music Club,"Sports Team, Coding Club, Music Club, Debate Club, Art Club, Volunteer Group"
Art Club,"Music Club, Volunteer Group, Coding Club"
Volunteer Group,"Sports Team, Volunteer Group"
Volunteer Group,"Volunteer Group, Music Club, Coding Club, Debate Club, Sports Team"
Coding Club,"Art Club, Debate Club, Coding Club, Music Club, Volunteer Group, Sports Team"
Music Club,"Art Club, Music Club, Coding Club, Volunteer Group, Sports Team"
Coding Club,"Volunteer Group, Sports Team"
Sports Team,"Sports Team, Debate Club, Volunteer Group, Music Club, Coding Club"
Volunteer Group,"Music Club, Debate Club, Coding Club, Art Club, Volunteer Group"
Coding Club,"Debate Club, Coding Club, Sports Team, Music Club"
Coding Club,Art Club
Debate Club,"Sports Team, Coding Club, Debate Club, Music Club, Volunteer Group"
Sports Team,"Volunteer Group, Music Club, Art Club"
Music Club,"Coding Club, Debate Club, Art Club, Music Club, Sports Team, Volunteer Group"
Sports Team,"Art Club, Debate Club, Music Club, Volunteer Group"
Sports Team,"Music Club, Art Club"
Sports Team,"Volunteer Group, Sports Team, Music Club, Debate Club, Coding Club"
Coding Club,"Coding Club, Sports Team, Art Club, Music Club"
Coding Club,"Volunteer Group, Music Club, Art Club"
Music Club,"Volunteer Group, Art Club, Sports Team, Coding Club, Music Club"
Volunteer Group,"Coding Club, Debate Club, Volunteer Group, Sports Team, Music Club, Art Club"
Debate Club,"Coding Club, Art Club, Music Club, Volunteer Group, Sports Team"
Art Club,"Coding Club, Music Club"
Coding Club,"Art Club, Coding Club, Music Club, Sports Team, Volunteer Group"
Debate Club,"Sports Team, Coding Club, Art Club"
Debate Club,Sports Team
Art Club,Music Club
Volunteer Group,"Volunteer Group, Music Club, Sports Team"
Music Club,"Sports Team, Debate Club, Volunteer Group, Coding Club, Art Club, Music Club"
Art Club,"Volunteer Group, Debate Club, Art Club"
Music Club,Sports Team
Coding Club,"Coding Club, Art Club"
Coding Club,"Coding Club, Art Club, Music Club"
Music Club,"Coding Club, Sports Team, Volunteer Group"
Sports Team,Debate Club
Volunteer Group,Debate Club
Volunteer Group,"Music Club, Art Club, Debate Club, Sports Team, Coding Club"
Art Club,Sports Team
Coding Club,"Volunteer Group, Sports Team, Music Club, Debate Club, Coding Club, Art Club"
Coding Club,"Art Club, Music Club"
Sports Team,"Music Club, Coding Club"
Coding Club,"Coding Club, Debate Club, Volunteer Group, Sports Team, Art Club"
Volunteer Group,"Music Club, Coding Club, Sports Team, Volunteer Group"
Sports Team,"Debate Club, Sports Team, Music Club, Coding Club, Volunteer Group, Art Club"
Volunteer Group,"Sports Team, Debate Club, Music Club, Coding Club, Art Club"
Debate Club,"Music Club, Coding Club"
Sports Team,"Volunteer Group, Sports Team, Coding Club, Music Club, Debate Club, Art Club"
Debate Club,"Coding Club, Music Club, Volunteer Group, Art Club, Debate Club, Sports Team"
Music Club,Debate Club
Debate Club,"Music Club, Volunteer Group, Sports Team, Art Club, Coding Club, Debate Club"
Sports Team,"Sports Team, Volunteer Group, Art Club, Coding Club"
Sports Team,"Sports Team, Coding Club, Debate Club, Volunteer Group, Art Club, Music Club"
Coding Club,"Art Club, Debate Club, Coding Club, Volunteer Group, Sports Team, Music Club"
Debate Club,"Volunteer Group, Art Club, Sports Team, Music Club, Debate Club"
Debate Club,"Art Club, Sports Team, Music Club, Coding Club, Debate Club, Volunteer Group"
Sports Team,"Sports Team, Debate Club, Volunteer Group, Coding Club, Music Club, Art Club"
Volunteer Group,"Art Club, Volunteer Group, Music Club"
Coding Club,Volunteer Group
Music Club,"Volunteer Group, Debate Club, Coding Club, Music Club, Art Club"
Volunteer Group,Art Club
Music Club,"Volunteer Group, Sports Team, Coding Club, Music Club, Debate Club, Art Club"
Sports Team,"Volunteer Group, Debate Club"
Debate Club,"Debate Club, Coding Club, Sports Team, Art Club, Music Club, Volunteer Group"
Sports Team,"Art Club, Debate Club, Sports Team, Music Club, Volunteer Group, Coding Club"
Debate Club,"Art Club, Coding Club"
Sports Team,"Art Club, Music Club, Coding Club"
Debate Club,"Art Club, Music Club"
Sports Team,"Coding Club, Art Club, Music Club"
Sports Team,Music Club
Art Club,"Art Club, Debate Club"
Art Club,"Art Club, Music Club"
Sports Team,"Music Club, Art Club, Debate Club"
Sports Team,"Sports Team, Debate Club, Volunteer Group, Coding Club, Art Club"
Sports Team,Music Club
Sports Team,Art Club
Art Club,"Art Club, Music Club, Sports Team, Debate Club, Coding Club"
Volunteer Group,"Sports Team, Volunteer Group, Art Club, Music Club, Debate Club"
Sports Team,"Art Club, Sports Team, Coding Club"
Coding Club,"Music Club, Sports Team, Art Club, Debate Club"
Art Club,"Coding Club, Volunteer Group, Music Club, Debate Club"
Music Club,Debate Club
Art Club,"Art Club, Sports Team, Debate Club, Coding Club, Music Club, Volunteer Group"
Coding Club,Coding Club
Music Club,"Music Club, Volunteer Group, Coding Club, Art Club, Debate Club, Sports Team"
Sports Team,"Art Club, Debate Club"
Debate Club,"Volunteer Group, Sports Team"
Volunteer Group,"Volunteer Group, Sports Team, Music Club, Art Club, Debate Club, Coding Club"
Volunteer Group,Sports Team
Volunteer Group,"Coding Club, Debate Club"
Art Club,"Music Club, Coding Club, Art Club, Sports Team, Volunteer Group, Debate Club"
Sports Team,"Music Club, Art Club, Sports Team, Volunteer Group, Coding Club, Debate Club"
Music Club,"Coding Club, Sports Team"
Coding Club,"Volunteer Group, Debate Club, Art Club"
Music Club,"Music Club, Volunteer Group, Coding Club"
Sports Team,Sports Team
Sports Team,"Volunteer Group, Music Club, Art Club"
Volunteer Group,"Volunteer Group, Art Club"
Coding Club,Coding Club
Volunteer Group,"Music Club, Coding Club, Sports Team, Debate Club, Art Club, Volunteer Group"
Music Club,"Coding Club, Art Club, Volunteer Group, Music Club, Debate Club, Sports Team"
Volunteer Group,"Volunteer Group, Art Club, Debate Club"
Coding Club,"Debate Club, Volunteer Group, Coding Club, Music Club, Art Club, Sports Team"
Sports Team,"Art Club, Coding Club, Sports Team, Music Club, Volunteer Group"
Sports Team,Art Club
Debate Club,"Music Club, Volunteer Group, Debate Club, Art Club, Coding Club"
Coding Club,"Art Club, Coding Club, Sports Team, Volunteer Group"
Volunteer Group,"Music Club, Sports Team, Debate Club, Art Club"
Coding Club,"Sports Team, Volunteer Group, Art Club, Debate Club, Coding Club, Music Club"
Art Club,"Music Club, Volunteer Group"
Sports Team,"Sports Team, Art Club, Debate Club, Music Club"
Sports Team,"Music Club, Volunteer Group"
Sports Team,"Debate Club, Volunteer Group, Art Club, Sports Team, Coding Club, Music Club"
Music Club,"Sports Team, Music Club"
Sports Team,"Sports Team, Music Club, Debate Club, Coding Club, Art Club, Volunteer Group"
Sports Team,"Art Club, Music Club, Debate Club, Sports Team"
Sports Team,"Debate Club, Volunteer Group, Music Club, Sports Team, Coding Club, Art Club"
Art Club,"Music Club, Volunteer Group, Coding Club, Art Club, Sports Team"
Volunteer Group,"Art Club, Volunteer Group, Debate Club, Coding Club"
Sports Team,"Coding Club, Sports Team, Music Club"
Coding Club,"Sports Team, Art Club"
